﻿Series Name,Series Code,Country Name,Country Code,1990 [YR1990],2000 [YR2000],2011 [YR2011],2012 [YR2012],2013 [YR2013],2014 [YR2014],2015 [YR2015],2016 [YR2016],2017 [YR2017],2018 [YR2018],2019 [YR2019],2020 [YR2020]
Indice GINI,SI.POV.GINI,,AFE,..,..,..,..,..,..,..,..,..,..,..,..
Indice GINI,SI.POV.GINI,,AFW,..,..,..,..,..,..,..,..,..,..,..,..
Indice GINI,SI.POV.GINI,Le monde arabe,ARB,..,..,..,..,..,..,..,..,..,..,..,..
Indice GINI,SI.POV.GINI,Petits états des Caraïbes,CSS,..,..,..,..,..,..,..,..,..,..,..,..
Indice GINI,SI.POV.GINI,Europe centrale et les pays baltes,CEB,..,..,..,..,..,..,..,..,..,..,..,..
Indice GINI,SI.POV.GINI,de dividende précoce démographique,EAR,..,..,..,..,..,..,..,..,..,..,..,..
Indice GINI,SI.POV.GINI,Asie de l’Est et Pacifique,EAS,..,..,..,..,..,..,..,..,..,..,..,..
Indice GINI,SI.POV.GINI,Asie de l’Est et Pacifique (hors revenu élevé),EAP,..,..,..,..,..,..,..,..,..,..,..,..
Indice GINI,SI.POV.GINI,Asie de l’Est et Pacifique (BIRD et IDA),TEA,..,..,..,..,..,..,..,..,..,..,..,..
Indice GINI,SI.POV.GINI,Zone euro,EMU,..,..,..,..,..,..,..,..,..,..,..,..
Indice GINI,SI.POV.GINI,Europe et Asie centrale,ECS,..,..,..,..,..,..,..,..,..,..,..,..
Indice GINI,SI.POV.GINI,Europe et Asie centrale (hors revenu élevé),ECA,..,..,..,..,..,..,..,..,..,..,..,..
Indice GINI,SI.POV.GINI,Europe et Asie centrale (BIRD et IDA),TEC,..,..,..,..,..,..,..,..,..,..,..,..
Indice GINI,SI.POV.GINI,Union européenne,EUU,..,..,..,..,..,..,..,..,..,..,..,..
Indice GINI,SI.POV.GINI,Fragile et les situations de conflit touchées,FCS,..,..,..,..,..,..,..,..,..,..,..,..
Indice GINI,SI.POV.GINI,Pays pauvres très endettés (PPTE),HPC,..,..,..,..,..,..,..,..,..,..,..,..
Indice GINI,SI.POV.GINI,Revenu élevé,HIC,..,..,..,..,..,..,..,..,..,..,..,..
Indice GINI,SI.POV.GINI,BIRD seulement,IBD,..,..,..,..,..,..,..,..,..,..,..,..
Indice GINI,SI.POV.GINI,BIRD et IDA,IBT,..,..,..,..,..,..,..,..,..,..,..,..
Indice GINI,SI.POV.GINI,IDA mélange,IDB,..,..,..,..,..,..,..,..,..,..,..,..
Indice GINI,SI.POV.GINI,IDA seulement,IDX,..,..,..,..,..,..,..,..,..,..,..,..
Indice GINI,SI.POV.GINI,IDA totale,IDA,..,..,..,..,..,..,..,..,..,..,..,..
Indice GINI,SI.POV.GINI,de dividende tardif démographique,LTE,..,..,..,..,..,..,..,..,..,..,..,..
Indice GINI,SI.POV.GINI,Amérique latine et Caraïbes,LCN,..,..,..,..,..,..,..,..,..,..,..,..
Indice GINI,SI.POV.GINI,Amérique latine et Caraïbes (hors revenu élevé),LAC,..,..,..,..,..,..,..,..,..,..,..,..
Indice GINI,SI.POV.GINI,Amérique latine et Caraïbes (BIRD et IDA),TLA,..,..,..,..,..,..,..,..,..,..,..,..
Indice GINI,SI.POV.GINI,Pays les moins avancés: classement de l’ONU,LDC,..,..,..,..,..,..,..,..,..,..,..,..
Indice GINI,SI.POV.GINI,Revenu faible et intermédiaire,LMY,..,..,..,..,..,..,..,..,..,..,..,..
Indice GINI,SI.POV.GINI,Faible revenu,LIC,..,..,..,..,..,..,..,..,..,..,..,..
Indice GINI,SI.POV.GINI,"Revenu intermédiaire, tranche inférieure",LMC,..,..,..,..,..,..,..,..,..,..,..,..
Indice GINI,SI.POV.GINI,Afrique du Nord et Moyen-Orient,MEA,..,..,..,..,..,..,..,..,..,..,..,..
Indice GINI,SI.POV.GINI,Afrique du Nord et Moyen-Orient (hors revenu élevé),MNA,..,..,..,..,..,..,..,..,..,..,..,..
Indice GINI,SI.POV.GINI,Afrique du Nord et Moyen-Orient (BIRD et IDA),TMN,..,..,..,..,..,..,..,..,..,..,..,..
Indice GINI,SI.POV.GINI,Revenu intermédiaire,MIC,..,..,..,..,..,..,..,..,..,..,..,..
Indice GINI,SI.POV.GINI,Amérique du Nord,NAC,..,..,..,..,..,..,..,..,..,..,..,..
Indice GINI,SI.POV.GINI,Non classifié,INX,..,..,..,..,..,..,..,..,..,..,..,..
Indice GINI,SI.POV.GINI,Pays membres de l'OCDE,OED,..,..,..,..,..,..,..,..,..,..,..,..
Indice GINI,SI.POV.GINI,Autres petits états,OSS,..,..,..,..,..,..,..,..,..,..,..,..
Indice GINI,SI.POV.GINI,Petits états insulaires du Pacifique,PSS,..,..,..,..,..,..,..,..,..,..,..,..
Indice GINI,SI.POV.GINI,de Post-dividende démographique,PST,..,..,..,..,..,..,..,..,..,..,..,..
Indice GINI,SI.POV.GINI,de Pré-dividende démographique,PRE,..,..,..,..,..,..,..,..,..,..,..,..
Indice GINI,SI.POV.GINI,Petits états,SST,..,..,..,..,..,..,..,..,..,..,..,..
Indice GINI,SI.POV.GINI,Asie du Sud,SAS,..,..,..,..,..,..,..,..,..,..,..,..
Indice GINI,SI.POV.GINI,Asie du Sud (BIRD et IDA),TSA,..,..,..,..,..,..,..,..,..,..,..,..
Indice GINI,SI.POV.GINI,Afrique subsaharienne,SSF,..,..,..,..,..,..,..,..,..,..,..,..
Indice GINI,SI.POV.GINI,Afrique subsaharienne (hors revenu élevé),SSA,..,..,..,..,..,..,..,..,..,..,..,..
Indice GINI,SI.POV.GINI,Afrique subsaharienne (BIRD et IDA),TSS,..,..,..,..,..,..,..,..,..,..,..,..
Indice GINI,SI.POV.GINI,"Revenu intermédiaire, tranche supérieure",UMC,..,..,..,..,..,..,..,..,..,..,..,..
Indice GINI,SI.POV.GINI,Monde,WLD,..,..,..,..,..,..,..,..,..,..,..,..
Indice GINI,SI.POV.GINI,Afghanistan,AFG,..,..,..,..,..,..,..,..,..,..,..,..
Indice GINI,SI.POV.GINI,Albanie,ALB,..,..,..,29,..,34.6,32.9,33.7,33.2,..,..,..
Indice GINI,SI.POV.GINI,Algérie,DZA,..,..,27.6,..,..,..,..,..,..,..,..,..
Indice GINI,SI.POV.GINI,Samoa américaines,ASM,..,..,..,..,..,..,..,..,..,..,..,..
Indice GINI,SI.POV.GINI,Andorre,AND,..,..,..,..,..,..,..,..,..,..,..,..
Indice GINI,SI.POV.GINI,Angola,AGO,..,52,..,..,..,..,..,..,..,51.3,..,..
Indice GINI,SI.POV.GINI,Antigua-et-Barbuda,ATG,..,..,..,..,..,..,..,..,..,..,..,..
Indice GINI,SI.POV.GINI,Argentine,ARG,..,51.1,42.6,41.3,40.9,41.6,..,42,41.1,41.3,42.9,..
Indice GINI,SI.POV.GINI,Arménie,ARM,..,..,29.4,29.6,30.6,31.5,32.4,32.5,33.6,34.4,29.9,..
Indice GINI,SI.POV.GINI,Aruba,ABW,..,..,..,..,..,..,..,..,..,..,..,..
Indice GINI,SI.POV.GINI,Australie,AUS,..,..,..,..,..,34.4,..,..,..,..,..,..
Indice GINI,SI.POV.GINI,Autriche,AUT,..,28.8,30.8,30.5,30.8,30.5,30.5,30.8,29.7,30.8,..,..
Indice GINI,SI.POV.GINI,Azerbaïdjan,AZE,..,..,..,..,..,..,..,..,..,..,..,..
Indice GINI,SI.POV.GINI,Bahamas,BHS,..,..,..,..,..,..,..,..,..,..,..,..
Indice GINI,SI.POV.GINI,Bahreïn,BHR,..,..,..,..,..,..,..,..,..,..,..,..
Indice GINI,SI.POV.GINI,Bangladesh,BGD,..,33.4,..,..,..,..,..,32.4,..,..,..,..
Indice GINI,SI.POV.GINI,Barbade,BRB,..,..,..,..,..,..,..,..,..,..,..,..
Indice GINI,SI.POV.GINI,Bélarus,BLR,..,31.2,27.2,26.5,26.6,27.2,25.6,25.3,25.4,25.2,25.3,..
Indice GINI,SI.POV.GINI,Belgique,BEL,..,33.1,28.1,27.5,27.7,28.1,27.7,27.6,27.4,27.2,..,..
Indice GINI,SI.POV.GINI,Belize,BLZ,..,..,..,..,..,..,..,..,..,..,..,..
Indice GINI,SI.POV.GINI,Bénin,BEN,..,..,43.4,..,..,..,47.8,..,..,..,..,..
Indice GINI,SI.POV.GINI,Bermudes,BMU,..,..,..,..,..,..,..,..,..,..,..,..
Indice GINI,SI.POV.GINI,Bhoutan,BTN,..,..,..,38.8,..,..,..,..,37.4,..,..,..
Indice GINI,SI.POV.GINI,Bolivie,BOL,..,61.6,46.1,46.6,47.6,47.8,46.7,45.3,44.6,42.6,41.6,..
Indice GINI,SI.POV.GINI,Bosnie-Herzégovine,BIH,..,..,33,..,..,..,..,..,..,..,..,..
Indice GINI,SI.POV.GINI,Botswana,BWA,..,..,..,..,..,..,53.3,..,..,..,..,..
Indice GINI,SI.POV.GINI,Brésil,BRA,60.5,..,52.9,53.5,52.8,52.1,51.9,53.3,53.3,53.9,53.4,..
Indice GINI,SI.POV.GINI,Îles Vierges britanniques,VGB,..,..,..,..,..,..,..,..,..,..,..,..
Indice GINI,SI.POV.GINI,Brunéi Darussalam,BRN,..,..,..,..,..,..,..,..,..,..,..,..
Indice GINI,SI.POV.GINI,Bulgarie,BGR,..,..,34.3,36,36.6,37.4,38.6,40.6,40.4,41.3,..,..
Indice GINI,SI.POV.GINI,Burkina Faso,BFA,..,..,..,..,..,35.3,..,..,..,..,..,..
Indice GINI,SI.POV.GINI,Burundi,BDI,..,..,..,..,38.6,..,..,..,..,..,..,..
Indice GINI,SI.POV.GINI,Cabo Verde,CPV,..,..,..,..,..,..,42.4,..,..,..,..,..
Indice GINI,SI.POV.GINI,Cambodge,KHM,..,..,..,..,..,..,..,..,..,..,..,..
Indice GINI,SI.POV.GINI,Cameroun,CMR,..,..,..,..,..,46.6,..,..,..,..,..,..
Indice GINI,SI.POV.GINI,Canada,CAN,..,33.3,..,33.5,33.8,33.2,33.7,32.7,33.3,..,..,..
Indice GINI,SI.POV.GINI,Îles Caïmans,CYM,..,..,..,..,..,..,..,..,..,..,..,..
Indice GINI,SI.POV.GINI,République centrafricaine,CAF,..,..,..,..,..,..,..,..,..,..,..,..
Indice GINI,SI.POV.GINI,Tchad,TCD,..,..,43.3,..,..,..,..,..,..,..,..,..
Indice GINI,SI.POV.GINI,Îles Anglo-Normandes,CHI,..,..,..,..,..,..,..,..,..,..,..,..
Indice GINI,SI.POV.GINI,Chili,CHL,57.2,52.8,46,..,45.8,..,44.4,..,44.4,..,..,..
Indice GINI,SI.POV.GINI,Chine,CHN,32.2,..,42.4,42.2,39.7,39.2,38.6,38.5,..,..,..,..
Indice GINI,SI.POV.GINI,Colombie,COL,..,58.7,53.5,52.6,52.6,52.6,51,50.6,49.7,50.4,51.3,..
Indice GINI,SI.POV.GINI,Comores,COM,..,..,..,..,..,45.3,..,..,..,..,..,..
Indice GINI,SI.POV.GINI,"Congo, République démocratique du",COD,..,..,..,42.1,..,..,..,..,..,..,..,..
Indice GINI,SI.POV.GINI,"Congo, République du",COG,..,..,48.9,..,..,..,..,..,..,..,..,..
Indice GINI,SI.POV.GINI,Costa Rica,CRI,45.3,47.4,48.7,48.6,49.3,48.6,48.4,48.7,48.3,48,48.2,..
Indice GINI,SI.POV.GINI,Côte d'Ivoire,CIV,..,..,..,..,..,..,41.5,..,..,..,..,..
Indice GINI,SI.POV.GINI,Croatie,HRV,..,..,32.3,32.5,32,32.1,31.1,30.9,30.4,29.7,..,..
Indice GINI,SI.POV.GINI,Cuba,CUB,..,..,..,..,..,..,..,..,..,..,..,..
Indice GINI,SI.POV.GINI,Curacao,CUW,..,..,..,..,..,..,..,..,..,..,..,..
Indice GINI,SI.POV.GINI,Chypre,CYP,..,..,32.6,34.3,37,35.6,34,32.9,31.4,32.7,..,..
Indice GINI,SI.POV.GINI,République tchèque,CZE,..,..,26.4,26.1,26.5,25.9,25.9,25.4,24.9,25,..,..
Indice GINI,SI.POV.GINI,Danemark,DNK,..,23.8,27.3,27.8,28.5,28.4,28.2,28.2,28.7,28.2,..,..
Indice GINI,SI.POV.GINI,Djibouti,DJI,..,..,..,45.1,44.1,..,..,..,41.6,..,..,..
Indice GINI,SI.POV.GINI,Dominique,DMA,..,..,..,..,..,..,..,..,..,..,..,..
Indice GINI,SI.POV.GINI,République dominicaine,DOM,..,51.5,47.7,46.1,47.7,44.3,45.2,45.7,42.2,43.7,41.9,..
Indice GINI,SI.POV.GINI,Équateur,ECU,..,56.4,45.9,46.1,46.9,45,46,45,44.7,45.4,45.7,..
Indice GINI,SI.POV.GINI,"Égypte, République arabe d’",EGY,32,..,..,28.3,..,..,31.8,..,31.5,..,..,..
Indice GINI,SI.POV.GINI,El Salvador,SLV,..,51.5,42.3,41.8,43.4,41.6,40.6,40,38,38.6,38.8,..
Indice GINI,SI.POV.GINI,Guinée équatoriale,GNQ,..,..,..,..,..,..,..,..,..,..,..,..
Indice GINI,SI.POV.GINI,Érythrée,ERI,..,..,..,..,..,..,..,..,..,..,..,..
Indice GINI,SI.POV.GINI,Estonie,EST,..,..,32.5,32.9,35.1,34.6,32.7,31.2,30.4,30.3,..,..
Indice GINI,SI.POV.GINI,Eswatini,SWZ,..,53.1,..,..,..,..,..,54.6,..,..,..,..
Indice GINI,SI.POV.GINI,Éthiopie,ETH,..,..,..,..,..,..,35,..,..,..,..,..
Indice GINI,SI.POV.GINI,Îles Féroé,FRO,..,..,..,..,..,..,..,..,..,..,..,..
Indice GINI,SI.POV.GINI,Fidji,FJI,..,..,..,..,36.7,..,..,..,..,..,..,..
Indice GINI,SI.POV.GINI,Finlande,FIN,..,27.2,27.6,27.1,27.2,26.8,27.1,27.1,27.4,27.3,..,..
Indice GINI,SI.POV.GINI,France,FRA,..,31.1,33.3,33.1,32.5,32.3,32.7,31.9,31.6,32.4,..,..
Indice GINI,SI.POV.GINI,Polynésie française,PYF,..,..,..,..,..,..,..,..,..,..,..,..
Indice GINI,SI.POV.GINI,Gabon,GAB,..,..,..,..,..,..,..,..,38,..,..,..
Indice GINI,SI.POV.GINI,Gambie,GMB,..,..,..,..,..,..,35.9,..,..,..,..,..
Indice GINI,SI.POV.GINI,Géorgie,GEO,..,40.5,39.6,39,38.6,37.6,36.5,36.6,37.9,36.4,35.9,..
Indice GINI,SI.POV.GINI,Allemagne,DEU,..,28.8,30.5,30.9,31.1,30.9,31.7,31.9,..,..,..,..
Indice GINI,SI.POV.GINI,Ghana,GHA,..,..,..,42.4,..,..,..,43.5,..,..,..,..
Indice GINI,SI.POV.GINI,Gibraltar,GIB,..,..,..,..,..,..,..,..,..,..,..,..
Indice GINI,SI.POV.GINI,Grèce,GRC,..,34.2,34.8,36.3,36.1,35.8,36,35,34.4,32.9,..,..
Indice GINI,SI.POV.GINI,Groenland,GRL,..,..,..,..,..,..,..,..,..,..,..,..
Indice GINI,SI.POV.GINI,Grenade,GRD,..,..,..,..,..,..,..,..,..,..,..,..
Indice GINI,SI.POV.GINI,Guam,GUM,..,..,..,..,..,..,..,..,..,..,..,..
Indice GINI,SI.POV.GINI,Guatemala,GTM,..,54.2,..,..,..,48.3,..,..,..,..,..,..
Indice GINI,SI.POV.GINI,Guinée,GIN,..,..,..,33.7,..,..,..,..,..,..,..,..
Indice GINI,SI.POV.GINI,Guinée-Bissau,GNB,..,..,..,..,..,..,..,..,..,..,..,..
Indice GINI,SI.POV.GINI,Guyane,GUY,..,..,..,..,..,..,..,..,..,..,..,..
Indice GINI,SI.POV.GINI,Haïti,HTI,..,..,..,41.1,..,..,..,..,..,..,..,..
Indice GINI,SI.POV.GINI,Honduras,HND,57.4,..,52.6,53.4,50,49.9,49.2,49.8,49.4,48.9,48.2,..
Indice GINI,SI.POV.GINI,"Chine, RAS de Hong Kong",HKG,..,..,..,..,..,..,..,..,..,..,..,..
Indice GINI,SI.POV.GINI,Hongrie,HUN,..,..,29.2,30.8,31.5,30.9,30.4,30.3,30.6,29.6,..,..
Indice GINI,SI.POV.GINI,Islande,ISL,..,..,26.8,26.8,25.4,27.8,26.8,27.2,26.1,..,..,..
Indice GINI,SI.POV.GINI,Inde,IND,..,..,35.7,..,..,..,..,..,..,..,..,..
Indice GINI,SI.POV.GINI,Indonésie,IDN,31.2,28.6,39.7,39.7,40,39.4,39.7,38.6,38.1,37.8,38.2,..
Indice GINI,SI.POV.GINI,"Iran, République islamique d’",IRN,43.6,..,..,..,37.4,38.8,39.5,40,40.8,42,..,..
Indice GINI,SI.POV.GINI,Iraq,IRQ,..,..,..,29.5,..,..,..,..,..,..,..,..
Indice GINI,SI.POV.GINI,Irlande,IRL,..,33,32.9,33.2,33.5,31.9,31.8,32.8,31.4,..,..,..
Indice GINI,SI.POV.GINI,Île de Man,IMN,..,..,..,..,..,..,..,..,..,..,..,..
Indice GINI,SI.POV.GINI,Israël,ISR,..,..,..,41.3,..,39.8,..,39,..,..,..,..
Indice GINI,SI.POV.GINI,Italie,ITA,..,35.3,35.1,35.2,34.9,34.7,35.4,35.2,35.9,..,..,..
Indice GINI,SI.POV.GINI,Jamaïque,JAM,41.1,..,..,..,..,..,..,..,..,..,..,..
Indice GINI,SI.POV.GINI,Japon,JPN,..,..,..,..,32.9,..,..,..,..,..,..,..
Indice GINI,SI.POV.GINI,Jordanie,JOR,..,..,..,..,..,..,..,..,..,..,..,..
Indice GINI,SI.POV.GINI,Kazakhstan,KAZ,..,..,28,28.2,27.1,27,26.8,27.2,27.5,27.8,..,..
Indice GINI,SI.POV.GINI,Kenya,KEN,..,..,..,..,..,..,40.8,..,..,..,..,..
Indice GINI,SI.POV.GINI,Kiribati,KIR,..,..,..,..,..,..,..,..,..,..,..,..
Indice GINI,SI.POV.GINI,"Corée, République démocratique de",PRK,..,..,..,..,..,..,..,..,..,..,..,..
Indice GINI,SI.POV.GINI,"Corée, République de",KOR,..,..,..,31.6,..,31.2,..,31.4,..,..,..,..
Indice GINI,SI.POV.GINI,Kosovo,XKX,..,..,27.8,29,26.3,27.3,26.5,26.7,29,..,..,..
Indice GINI,SI.POV.GINI,Koweït,KWT,..,..,..,..,..,..,..,..,..,..,..,..
Indice GINI,SI.POV.GINI,République kirghize,KGZ,..,31,27.8,27.4,28.8,26.8,29,26.8,27.3,27.7,29.7,..
Indice GINI,SI.POV.GINI,République démocratique populaire lao,LAO,..,..,..,36,..,..,..,..,..,38.8,..,..
Indice GINI,SI.POV.GINI,Lettonie,LVA,..,..,35.8,35.2,35.5,35.1,34.2,34.3,35.6,35.1,..,..
Indice GINI,SI.POV.GINI,Liban,LBN,..,..,31.8,..,..,..,..,..,..,..,..,..
Indice GINI,SI.POV.GINI,Lesotho,LSO,..,..,..,..,..,..,..,..,44.9,..,..,..
Indice GINI,SI.POV.GINI,Libéria,LBR,..,..,..,..,..,33.2,..,35.3,..,..,..,..
Indice GINI,SI.POV.GINI,Libye,LBY,..,..,..,..,..,..,..,..,..,..,..,..
Indice GINI,SI.POV.GINI,Liechtenstein,LIE,..,..,..,..,..,..,..,..,..,..,..,..
Indice GINI,SI.POV.GINI,Lituanie,LTU,..,..,32.5,35.1,35.3,37.7,37.4,38.4,37.3,35.7,..,..
Indice GINI,SI.POV.GINI,Luxembourg,LUX,..,30.4,32.1,34.3,32,31.2,32.9,31.7,34.5,35.4,..,..
Indice GINI,SI.POV.GINI,"Région administrative spéciale de Macao, Chine",MAC,..,..,..,..,..,..,..,..,..,..,..,..
Indice GINI,SI.POV.GINI,Madagascar,MDG,..,..,..,42.6,..,..,..,..,..,..,..,..
Indice GINI,SI.POV.GINI,Malawi,MWI,..,..,..,..,..,..,..,44.7,..,..,..,..
Indice GINI,SI.POV.GINI,Malaisie,MYS,..,..,43.9,..,41.3,..,41.1,..,..,..,..,..
Indice GINI,SI.POV.GINI,Maldives,MDV,..,..,..,..,..,..,..,31.3,..,..,..,..
Indice GINI,SI.POV.GINI,Mali,MLI,..,..,..,..,..,..,..,..,..,..,..,..
Indice GINI,SI.POV.GINI,Malte,MLT,..,..,29.1,29.4,28.8,29,29.4,29.1,29.2,28.7,..,..
Indice GINI,SI.POV.GINI,Îles Marshall,MHL,..,..,..,..,..,..,..,..,..,..,..,..
Indice GINI,SI.POV.GINI,Mauritanie,MRT,..,39,..,..,..,32.6,..,..,..,..,..,..
Indice GINI,SI.POV.GINI,Maurice,MUS,..,..,..,38.5,..,..,..,..,36.8,..,..,..
Indice GINI,SI.POV.GINI,Mexique,MEX,..,52.6,..,48.7,..,48.7,..,46.3,..,45.4,..,..
Indice GINI,SI.POV.GINI,"Micronésie, États fédérés de",FSM,..,..,..,..,40.1,..,..,..,..,..,..,..
Indice GINI,SI.POV.GINI,Moldova,MDA,..,36.4,30.6,29.2,28.5,26.8,27,26.3,25.9,25.7,..,..
Indice GINI,SI.POV.GINI,Monaco,MCO,..,..,..,..,..,..,..,..,..,..,..,..
Indice GINI,SI.POV.GINI,Mongolie,MNG,..,..,33.9,33.8,..,32,..,32.3,..,32.7,..,..
Indice GINI,SI.POV.GINI,Monténégro,MNE,..,..,..,41.2,39,38.8,39,38.5,..,..,..,..
Indice GINI,SI.POV.GINI,Maroc,MAR,39.2,40.6,..,..,39.5,..,..,..,..,..,..,..
Indice GINI,SI.POV.GINI,Mozambique,MOZ,..,..,..,..,..,54,..,..,..,..,..,..
Indice GINI,SI.POV.GINI,Myanmar,MMR,..,..,..,..,..,..,38.1,..,30.7,..,..,..
Indice GINI,SI.POV.GINI,Namibie,NAM,..,..,..,..,..,..,59.1,..,..,..,..,..
Indice GINI,SI.POV.GINI,Nauru,NRU,..,..,..,34.8,..,..,..,..,..,..,..,..
Indice GINI,SI.POV.GINI,Népal,NPL,..,..,..,..,..,..,..,..,..,..,..,..
Indice GINI,SI.POV.GINI,Pays-Bas,NLD,31.1,..,27.8,27.6,28.1,28.6,28.2,28.2,28.5,28.1,..,..
Indice GINI,SI.POV.GINI,Nouvelle-Calédonie,NCL,..,..,..,..,..,..,..,..,..,..,..,..
Indice GINI,SI.POV.GINI,Nouvelle-Zélande,NZL,..,..,..,..,..,..,..,..,..,..,..,..
Indice GINI,SI.POV.GINI,Nicaragua,NIC,..,..,..,..,..,46.2,..,..,..,..,..,..
Indice GINI,SI.POV.GINI,Niger,NER,..,..,31.5,..,..,34.3,..,..,..,..,..,..
Indice GINI,SI.POV.GINI,Nigéria,NGA,..,..,..,..,..,..,..,..,..,35.1,..,..
Indice GINI,SI.POV.GINI,Macédoine du Nord,MKD,..,..,39.4,38.1,36.2,35.2,35.6,34.5,34.2,33,..,..
Indice GINI,SI.POV.GINI,Mariannes,MNP,..,..,..,..,..,..,..,..,..,..,..,..
Indice GINI,SI.POV.GINI,Norvège,NOR,..,27.4,25.3,25.7,26.4,26.8,27.5,28.5,27,27.6,..,..
Indice GINI,SI.POV.GINI,Oman,OMN,..,..,..,..,..,..,..,..,..,..,..,..
Indice GINI,SI.POV.GINI,Pakistan,PAK,33.2,..,30.9,..,30.7,..,32.6,..,..,31.6,..,..
Indice GINI,SI.POV.GINI,Palaos,PLW,..,..,..,..,..,..,..,..,..,..,..,..
Indice GINI,SI.POV.GINI,Panama,PAN,..,56.6,51.3,51.7,51.5,50.5,50.8,50.4,49.9,49.2,49.8,..
Indice GINI,SI.POV.GINI,Papouasie-Nouvelle-Guinée,PNG,..,..,..,..,..,..,..,..,..,..,..,..
Indice GINI,SI.POV.GINI,Paraguay,PRY,40.8,..,52.3,47.6,47.9,50.7,47.6,47.9,48.5,46,45.7,..
Indice GINI,SI.POV.GINI,Pérou,PER,..,49.1,44.7,44.4,43.9,43.1,43.4,43.6,43.3,42.4,41.5,..
Indice GINI,SI.POV.GINI,Philippines,PHL,..,47.7,..,46.5,..,..,44.6,..,..,42.3,..,..
Indice GINI,SI.POV.GINI,Pologne,POL,..,..,33.2,33,33.1,32.8,31.8,31.2,29.7,30.2,..,..
Indice GINI,SI.POV.GINI,Portugal,PRT,..,..,36.3,36,36.2,35.6,35.5,35.2,33.8,33.5,..,..
Indice GINI,SI.POV.GINI,Porto Rico,PRI,..,..,..,..,..,..,..,..,..,..,..,..
Indice GINI,SI.POV.GINI,Qatar,QAT,..,..,..,..,..,..,..,..,..,..,..,..
Indice GINI,SI.POV.GINI,Roumanie,ROU,..,..,35.9,36.5,36.9,36,35.9,34.4,36,35.8,..,..
Indice GINI,SI.POV.GINI,Fédération de Russie,RUS,..,37.1,39.7,40.7,40.9,39.9,37.7,36.8,37.2,37.5,..,..
Indice GINI,SI.POV.GINI,Rwanda,RWA,..,48.5,..,..,45.1,..,..,43.7,..,..,..,..
Indice GINI,SI.POV.GINI,Samoa,WSM,..,..,..,..,38.7,..,..,..,..,..,..,..
Indice GINI,SI.POV.GINI,Saint-Marin,SMR,..,..,..,..,..,..,..,..,..,..,..,..
Indice GINI,SI.POV.GINI,Sao Tomé-et-Principe,STP,..,32.1,..,..,..,..,..,..,56.3,..,..,..
Indice GINI,SI.POV.GINI,Arabie saoudite,SAU,..,..,..,..,..,..,..,..,..,..,..,..
Indice GINI,SI.POV.GINI,Sénégal,SEN,..,..,40.3,..,..,..,..,..,..,..,..,..
Indice GINI,SI.POV.GINI,Serbie,SRB,..,..,..,39.9,39.5,40.5,40.5,38.8,36.2,..,..,..
Indice GINI,SI.POV.GINI,Seychelles,SYC,..,..,..,..,46.8,..,..,..,..,32.1,..,..
Indice GINI,SI.POV.GINI,Sierra Leone,SLE,..,..,34,..,..,..,..,..,..,35.7,..,..
Indice GINI,SI.POV.GINI,Singapour,SGP,..,..,..,..,..,..,..,..,..,..,..,..
Indice GINI,SI.POV.GINI,Sint Maarten (Dutch part),SXM,..,..,..,..,..,..,..,..,..,..,..,..
Indice GINI,SI.POV.GINI,République slovaque,SVK,..,..,26.5,26.1,28.1,26.1,26.5,25.2,..,25,..,..
Indice GINI,SI.POV.GINI,Slovénie,SVN,..,..,24.9,25.6,26.2,25.7,25.4,24.8,24.2,24.6,..,..
Indice GINI,SI.POV.GINI,Îles Salomon,SLB,..,..,..,37.1,..,..,..,..,..,..,..,..
Indice GINI,SI.POV.GINI,Somalie,SOM,..,..,..,..,..,..,..,..,36.8,..,..,..
Indice GINI,SI.POV.GINI,Afrique du Sud,ZAF,..,57.8,..,..,..,63,..,..,..,..,..,..
Indice GINI,SI.POV.GINI,Soudan du Sud,SSD,..,..,..,..,..,..,..,44.1,..,..,..,..
Indice GINI,SI.POV.GINI,Espagne,ESP,32,34.3,35.7,35.4,36.2,36.1,36.2,35.8,34.7,34.7,..,..
Indice GINI,SI.POV.GINI,Sri Lanka,LKA,32.4,..,..,38.7,..,..,..,39.3,..,..,..,..
Indice GINI,SI.POV.GINI,Saint-Kitts-et-Nevis,KNA,..,..,..,..,..,..,..,..,..,..,..,..
Indice GINI,SI.POV.GINI,Sainte-Lucie,LCA,..,..,..,..,..,..,..,51.2,..,..,..,..
Indice GINI,SI.POV.GINI,Saint-Martin (fr),MAF,..,..,..,..,..,..,..,..,..,..,..,..
Indice GINI,SI.POV.GINI,Saint-Vincent-et-les Grenadines,VCT,..,..,..,..,..,..,..,..,..,..,..,..
Indice GINI,SI.POV.GINI,Soudan,SDN,..,..,..,..,..,34.2,..,..,..,..,..,..
Indice GINI,SI.POV.GINI,Suriname,SUR,..,..,..,..,..,..,..,..,..,..,..,..
Indice GINI,SI.POV.GINI,Suède,SWE,..,27.2,27.6,27.6,28.8,28.4,29.2,29.6,28.8,30,..,..
Indice GINI,SI.POV.GINI,Suisse,CHE,..,33.4,31.7,31.6,32.5,32.5,32.3,33,32.7,33.1,..,..
Indice GINI,SI.POV.GINI,République arabe syrienne,SYR,..,..,..,..,..,..,..,..,..,..,..,..
Indice GINI,SI.POV.GINI,Tadjikistan,TJK,..,..,..,..,..,..,34,..,..,..,..,..
Indice GINI,SI.POV.GINI,Tanzanie,TZA,..,37.3,37.8,..,..,..,..,..,40.5,..,..,..
Indice GINI,SI.POV.GINI,Thaïlande,THA,45.3,42.8,37.5,39.3,37.8,37,36,36.9,36.5,36.4,34.9,..
Indice GINI,SI.POV.GINI,Timor-Leste,TLS,..,..,..,..,..,28.7,..,..,..,..,..,..
Indice GINI,SI.POV.GINI,Togo,TGO,..,..,46,..,..,..,43.1,..,..,..,..,..
Indice GINI,SI.POV.GINI,Tonga,TON,..,37.7,..,..,..,..,37.6,..,..,..,..,..
Indice GINI,SI.POV.GINI,Trinité-et-Tobago,TTO,..,..,..,..,..,..,..,..,..,..,..,..
Indice GINI,SI.POV.GINI,Tunisie,TUN,40.2,40.8,..,..,..,..,32.8,..,..,..,..,..
Indice GINI,SI.POV.GINI,Turquie,TUR,..,..,40,40.2,40.2,41.2,42.9,41.9,41.4,41.9,41.9,..
Indice GINI,SI.POV.GINI,Turkménistan,TKM,..,..,..,..,..,..,..,..,..,..,..,..
Indice GINI,SI.POV.GINI,Îles Turques-et-Caïques,TCA,..,..,..,..,..,..,..,..,..,..,..,..
Indice GINI,SI.POV.GINI,Tuvalu,TUV,..,..,..,..,..,..,..,..,..,..,..,..
Indice GINI,SI.POV.GINI,Ouganda,UGA,..,..,..,41,..,..,..,42.8,..,..,..,..
Indice GINI,SI.POV.GINI,Ukraine,UKR,..,..,24.6,24.7,24.6,24,25.5,25,26,26.1,26.6,..
Indice GINI,SI.POV.GINI,Émirats arabes unis,ARE,..,..,..,..,32.5,..,..,..,..,26,..,..
Indice GINI,SI.POV.GINI,Royaume-Uni,GBR,..,38.4,33.2,32.3,33.2,34,33.2,34.8,35.1,..,..,..
Indice GINI,SI.POV.GINI,États-Unis,USA,..,40.1,40.9,40.9,40.7,41.5,41.2,41.1,41.2,41.4,..,..
Indice GINI,SI.POV.GINI,Uruguay,URY,..,42.9,42.2,39.9,40.5,40.1,40.1,39.7,39.5,39.7,39.7,..
Indice GINI,SI.POV.GINI,Ouzbékistan,UZB,..,36.1,..,..,..,..,..,..,..,..,..,..
Indice GINI,SI.POV.GINI,Vanuatu,VUT,..,..,..,..,..,..,..,..,..,..,..,..
Indice GINI,SI.POV.GINI,Venezuela,VEN,..,..,..,..,..,..,..,..,..,..,..,..
Indice GINI,SI.POV.GINI,Viet Nam,VNM,..,..,..,35.6,..,34.8,..,35.3,..,35.7,..,..
Indice GINI,SI.POV.GINI,Îles Vierges (EU),VIR,..,..,..,..,..,..,..,..,..,..,..,..
Indice GINI,SI.POV.GINI,Cisjordanie et Gaza,PSE,..,..,34.4,..,..,..,..,33.7,..,..,..,..
Indice GINI,SI.POV.GINI,"Yémen, Rép. du",YEM,..,..,..,..,..,36.7,..,..,..,..,..,..
Indice GINI,SI.POV.GINI,Zambie,ZMB,..,..,..,..,..,..,57.1,..,..,..,..,..
Indice GINI,SI.POV.GINI,Zimbabwe,ZWE,..,..,43.2,..,..,..,..,..,44.3,..,50.3,..
,,,,,,,,,,,,,,,
,,,,,,,,,,,,,,,
,,,,,,,,,,,,,,,
Data from Database: Indicateurs du développement dans le monde,,,,,,,,,,,,,,,
Last Updated: 02/15/2022,,,,,,,,,,,,,,,
