"Table ID","Country or Area Code","Country or Area","Year","Value","Value Footnotes","Unit"
"25","8","Albania","2015","262","","million cubic metres"
"25","8","Albania","2014","235","","million cubic metres"
"25","12","Algeria","2015","3654.93994140625","1","million cubic metres"
"25","12","Algeria","2014","3117.44995117188","1","million cubic metres"
"25","12","Algeria","2013","3046.90991210938","1","million cubic metres"
"25","12","Algeria","2012","3000","","million cubic metres"
"25","12","Algeria","2011","2915","","million cubic metres"
"25","12","Algeria","2010","2603","","million cubic metres"
"25","12","Algeria","2009","4200","","million cubic metres"
"25","12","Algeria","2008","4150","","million cubic metres"
"25","12","Algeria","2007","3000","","million cubic metres"
"25","12","Algeria","2006","2800","","million cubic metres"
"25","12","Algeria","2005","2800","","million cubic metres"
"25","12","Algeria","2004","2800","","million cubic metres"
"25","12","Algeria","2003","2600","","million cubic metres"
"25","12","Algeria","2002","2600","","million cubic metres"
"25","12","Algeria","2001","2600","","million cubic metres"
"25","12","Algeria","2000","2600","","million cubic metres"
"25","28","Antigua and Barbuda","2015","0.740000009536743","","million cubic metres"
"25","28","Antigua and Barbuda","2014","0.680000007152557","","million cubic metres"
"25","28","Antigua and Barbuda","2013","0.720000028610229","","million cubic metres"
"25","28","Antigua and Barbuda","2012","1.20000004768372","","million cubic metres"
"25","28","Antigua and Barbuda","2011","1.20000004768372","","million cubic metres"
"25","28","Antigua and Barbuda","2010","1.60000002384186","","million cubic metres"
"25","28","Antigua and Barbuda","2009","1.60000002384186","","million cubic metres"
"25","28","Antigua and Barbuda","2008","1.39999997615814","","million cubic metres"
"25","28","Antigua and Barbuda","2007","2.09999990463257","","million cubic metres"
"25","28","Antigua and Barbuda","2006","1.23000001907349","","million cubic metres"
"25","28","Antigua and Barbuda","2005","1.25999999046326","","million cubic metres"
"25","28","Antigua and Barbuda","2004","1.0900000333786","","million cubic metres"
"25","28","Antigua and Barbuda","2003","0.819999992847443","","million cubic metres"
"25","28","Antigua and Barbuda","2002","0.970000028610229","","million cubic metres"
"25","28","Antigua and Barbuda","2001","0.949999988079071","","million cubic metres"
"25","28","Antigua and Barbuda","2000","0.660000026226044","","million cubic metres"
"25","28","Antigua and Barbuda","1995","0.550000011920929","","million cubic metres"
"25","28","Antigua and Barbuda","1990","1.13999998569489","","million cubic metres"
"25","51","Armenia","2015","1304.40002441406","","million cubic metres"
"25","51","Armenia","2014","1312","","million cubic metres"
"25","51","Armenia","2013","1348.69995117188","","million cubic metres"
"25","51","Armenia","2012","1314.40002441406","","million cubic metres"
"25","51","Armenia","2011","1002.79998779297","","million cubic metres"
"25","51","Armenia","2010","875.799987792969","","million cubic metres"
"25","51","Armenia","2009","854.400024414063","","million cubic metres"
"25","51","Armenia","2008","852","","million cubic metres"
"25","51","Armenia","2007","858","","million cubic metres"
"25","51","Armenia","2006","843","","million cubic metres"
"25","51","Armenia","2005","803","","million cubic metres"
"25","51","Armenia","2004","722","","million cubic metres"
"25","51","Armenia","2003","674","","million cubic metres"
"25","51","Armenia","2002","675","","million cubic metres"
"25","51","Armenia","2001","530","","million cubic metres"
"25","51","Armenia","2000","533","","million cubic metres"
"25","51","Armenia","1999","536","","million cubic metres"
"25","51","Armenia","1998","530","","million cubic metres"
"25","51","Armenia","1997","520","","million cubic metres"
"25","51","Armenia","1996","616","","million cubic metres"
"25","51","Armenia","1995","851","","million cubic metres"
"25","51","Armenia","1990","1325.40002441406","","million cubic metres"
"25","31","Azerbaijan","2015","2016","","million cubic metres"
"25","31","Azerbaijan","2014","1819","","million cubic metres"
"25","31","Azerbaijan","2013","1738","","million cubic metres"
"25","31","Azerbaijan","2012","1696","","million cubic metres"
"25","31","Azerbaijan","2011","1506","","million cubic metres"
"25","31","Azerbaijan","2010","1272","","million cubic metres"
"25","31","Azerbaijan","2009","1262","","million cubic metres"
"25","31","Azerbaijan","2008","1127","","million cubic metres"
"25","31","Azerbaijan","2007","1112","","million cubic metres"
"25","31","Azerbaijan","2006","1073","","million cubic metres"
"25","31","Azerbaijan","2005","798","","million cubic metres"
"25","31","Azerbaijan","2004","707","","million cubic metres"
"25","31","Azerbaijan","2003","607","","million cubic metres"
"25","31","Azerbaijan","2002","545","","million cubic metres"
"25","31","Azerbaijan","2001","511","","million cubic metres"
"25","31","Azerbaijan","2000","547","","million cubic metres"
"25","31","Azerbaijan","1999","454","","million cubic metres"
"25","31","Azerbaijan","1998","681","","million cubic metres"
"25","31","Azerbaijan","1997","1098","","million cubic metres"
"25","31","Azerbaijan","1996","987","","million cubic metres"
"25","31","Azerbaijan","1995","1150","","million cubic metres"
"25","31","Azerbaijan","1990","1706","","million cubic metres"
"25","44","Bahamas","2000","3.34999990463257","","million cubic metres"
"25","44","Bahamas","1999","3.74000000953674","","million cubic metres"
"25","44","Bahamas","1998","3.70000004768372","","million cubic metres"
"25","44","Bahamas","1997","3.71000003814697","","million cubic metres"
"25","44","Bahamas","1996","3.64000010490417","","million cubic metres"
"25","44","Bahamas","1995","3.14000010490417","","million cubic metres"
"25","44","Bahamas","1990","4.98999977111816","","million cubic metres"
"25","48","Bahrain","2015","159.100006103516","2","million cubic metres"
"25","48","Bahrain","2014","179.100006103516","2","million cubic metres"
"25","48","Bahrain","2013","182.199996948242","2","million cubic metres"
"25","48","Bahrain","2012","178.600006103516","2","million cubic metres"
"25","48","Bahrain","2011","186.600006103516","2","million cubic metres"
"25","48","Bahrain","2010","181.800003051758","2","million cubic metres"
"25","48","Bahrain","2009","169.100006103516","2","million cubic metres"
"25","48","Bahrain","2008","182.899993896484","2","million cubic metres"
"25","48","Bahrain","2007","199.899993896484","2","million cubic metres"
"25","48","Bahrain","2006","216.5","2","million cubic metres"
"25","48","Bahrain","2005","208.5","2","million cubic metres"
"25","48","Bahrain","2004","231.600006103516","2","million cubic metres"
"25","48","Bahrain","1990","219.5","2","million cubic metres"
"25","50","Bangladesh","2015","754.150024414063","3","million cubic metres"
"25","50","Bangladesh","2014","61.689998626709","4","million cubic metres"
"25","50","Bangladesh","2013","60.689998626709","4","million cubic metres"
"25","50","Bangladesh","2012","58.3600006103516","4","million cubic metres"
"25","50","Bangladesh","2011","55.9700012207031","4","million cubic metres"
"25","50","Bangladesh","2010","55.2400016784668","4","million cubic metres"
"25","50","Bangladesh","2009","51.2299995422363","4","million cubic metres"
"25","50","Bangladesh","2008","16.2000007629395","5","million cubic metres"
"25","50","Bangladesh","2007","14.1999998092651","5","million cubic metres"
"25","50","Bangladesh","2006","12.5","5","million cubic metres"
"25","50","Bangladesh","2005","12","5","million cubic metres"
"25","50","Bangladesh","2004","11.8999996185303","5","million cubic metres"
"25","52","Barbados","2000","51.5999984741211","","million cubic metres"
"25","52","Barbados","1999","52.7000007629395","","million cubic metres"
"25","52","Barbados","1998","52.9000015258789","","million cubic metres"
"25","52","Barbados","1997","58.5","","million cubic metres"
"25","52","Barbados","1996","58.7999992370605","","million cubic metres"
"25","52","Barbados","1995","61.2000007629395","","million cubic metres"
"25","52","Barbados","1990","61.2000007629395","","million cubic metres"
"25","112","Belarus","2015","845","","million cubic metres"
"25","112","Belarus","2014","867","","million cubic metres"
"25","112","Belarus","2013","874","","million cubic metres"
"25","112","Belarus","2012","898","","million cubic metres"
"25","112","Belarus","2011","891","","million cubic metres"
"25","112","Belarus","2010","877","","million cubic metres"
"25","112","Belarus","2009","858","","million cubic metres"
"25","112","Belarus","2008","919","","million cubic metres"
"25","112","Belarus","2007","961","","million cubic metres"
"25","112","Belarus","2006","1009","","million cubic metres"
"25","112","Belarus","2005","1034","","million cubic metres"
"25","112","Belarus","2004","1038","","million cubic metres"
"25","56","Belgium","2014","631.650024414063","","million cubic metres"
"25","56","Belgium","2011","602.400024414063","","million cubic metres"
"25","56","Belgium","2010","612.400024414063","","million cubic metres"
"25","56","Belgium","2009","612.5","","million cubic metres"
"25","56","Belgium","2008","612.299987792969","","million cubic metres"
"25","56","Belgium","2007","647.599975585938","","million cubic metres"
"25","56","Belgium","2006","645","","million cubic metres"
"25","56","Belgium","2005","636.099975585938","","million cubic metres"
"25","56","Belgium","2004","658.200012207031","","million cubic metres"
"25","56","Belgium","2003","684.599975585938","","million cubic metres"
"25","56","Belgium","2002","662.700012207031","","million cubic metres"
"25","56","Belgium","2001","679.400024414063","","million cubic metres"
"25","56","Belgium","2000","676.099975585938","","million cubic metres"
"25","56","Belgium","1999","641","","million cubic metres"
"25","56","Belgium","1998","622.5","","million cubic metres"
"25","56","Belgium","1997","645.799987792969","","million cubic metres"
"25","56","Belgium","1996","711.700012207031","","million cubic metres"
"25","56","Belgium","1995","715.799987792969","","million cubic metres"
"25","56","Belgium","1994","670","","million cubic metres"
"25","84","Belize","2012","1.98940002918243","","million cubic metres"
"25","84","Belize","2011","1.93649995326996","","million cubic metres"
"25","84","Belize","2010","1.91820001602173","","million cubic metres"
"25","84","Belize","2009","1.85280001163483","","million cubic metres"
"25","84","Belize","2008","1.86730003356934","","million cubic metres"
"25","84","Belize","2007","1.82799994945526","","million cubic metres"
"25","84","Belize","2006","1.68509995937347","","million cubic metres"
"25","84","Belize","2005","1.65340769290924","","million cubic metres"
"25","84","Belize","2004","1.61000001430511","","million cubic metres"
"25","84","Belize","2003","1.53465306758881","","million cubic metres"
"25","84","Belize","2002","1.60039055347443","","million cubic metres"
"25","84","Belize","2001","1.55765187740326","","million cubic metres"
"25","84","Belize","2000","1.39127314090729","","million cubic metres"
"25","84","Belize","1999","1.26523852348328","","million cubic metres"
"25","84","Belize","1998","1.27038419246674","","million cubic metres"
"25","84","Belize","1997","1.27871215343475","","million cubic metres"
"25","84","Belize","1996","1.24842882156372","","million cubic metres"
"25","84","Belize","1995","1.22240805625916","","million cubic metres"
"25","68","Bolivia (Plurinational State of)","2015","173.250717163086","6","million cubic metres"
"25","68","Bolivia (Plurinational State of)","2014","165.321899414063","6","million cubic metres"
"25","68","Bolivia (Plurinational State of)","2013","162.266799926758","6","million cubic metres"
"25","68","Bolivia (Plurinational State of)","2012","144.807571411133","6","million cubic metres"
"25","68","Bolivia (Plurinational State of)","2011","133.71565246582","6","million cubic metres"
"25","70","Bosnia and Herzegovina","2015","310.620300292969","","million cubic metres"
"25","70","Bosnia and Herzegovina","2014","300.009063720703","","million cubic metres"
"25","70","Bosnia and Herzegovina","2013","306.755615234375","","million cubic metres"
"25","70","Bosnia and Herzegovina","2012","304.484313964844","","million cubic metres"
"25","70","Bosnia and Herzegovina","2011","302.176208496094","","million cubic metres"
"25","70","Bosnia and Herzegovina","2010","328.559906005859","","million cubic metres"
"25","70","Bosnia and Herzegovina","2009","331.779052734375","","million cubic metres"
"25","70","Bosnia and Herzegovina","2008","329.587493896484","","million cubic metres"
"25","70","Bosnia and Herzegovina","2007","327.395904541016","","million cubic metres"
"25","70","Bosnia and Herzegovina","2006","325.204345703125","","million cubic metres"
"25","70","Bosnia and Herzegovina","2005","323.012786865234","","million cubic metres"
"25","70","Bosnia and Herzegovina","2004","320.821197509766","","million cubic metres"
"25","70","Bosnia and Herzegovina","2003","318.629638671875","","million cubic metres"
"25","70","Bosnia and Herzegovina","2002","316.438049316406","","million cubic metres"
"25","70","Bosnia and Herzegovina","2001","314.246490478516","","million cubic metres"
"25","70","Bosnia and Herzegovina","2000","312.054931640625","","million cubic metres"
"25","72","Botswana","2015","108.800003051758","","million cubic metres"
"25","72","Botswana","2014","99.5999984741211","","million cubic metres"
"25","72","Botswana","2013","96","","million cubic metres"
"25","72","Botswana","2012","103.400001525879","","million cubic metres"
"25","72","Botswana","2011","99.3000030517578","","million cubic metres"
"25","72","Botswana","2010","99.3000030517578","","million cubic metres"
"25","72","Botswana","2009","97.5","","million cubic metres"
"25","72","Botswana","2008","99.8000030517578","","million cubic metres"
"25","72","Botswana","2007","97.5999984741211","","million cubic metres"
"25","72","Botswana","2006","102.5","","million cubic metres"
"25","72","Botswana","2005","103","","million cubic metres"
"25","72","Botswana","2004","104.099998474121","","million cubic metres"
"25","72","Botswana","2003","100.5","","million cubic metres"
"25","72","Botswana","2002","109.5","","million cubic metres"
"25","72","Botswana","2001","99.5","","million cubic metres"
"25","72","Botswana","2000","101","","million cubic metres"
"25","72","Botswana","1999","98.5999984741211","","million cubic metres"
"25","72","Botswana","1998","92.8000030517578","","million cubic metres"
"25","72","Botswana","1997","90.4000015258789","","million cubic metres"
"25","72","Botswana","1996","88.8000030517578","","million cubic metres"
"25","72","Botswana","1995","92.4000015258789","","million cubic metres"
"25","100","Bulgaria","2015","558.349975585938","","million cubic metres"
"25","100","Bulgaria","2014","546.840026855469","","million cubic metres"
"25","100","Bulgaria","2013","558.039978027344","","million cubic metres"
"25","100","Bulgaria","2012","565.609985351563","","million cubic metres"
"25","100","Bulgaria","2011","544.739990234375","","million cubic metres"
"25","100","Bulgaria","2010","556.700012207031","","million cubic metres"
"25","100","Bulgaria","2009","584.27001953125","","million cubic metres"
"25","100","Bulgaria","2008","615.75","","million cubic metres"
"25","100","Bulgaria","2007","641.77001953125","","million cubic metres"
"25","100","Bulgaria","2006","647.400024414063","","million cubic metres"
"25","100","Bulgaria","2005","596.690002441406","","million cubic metres"
"25","100","Bulgaria","2004","601.179992675781","","million cubic metres"
"25","100","Bulgaria","2003","647.919982910156","","million cubic metres"
"25","100","Bulgaria","2002","659.739990234375","","million cubic metres"
"25","100","Bulgaria","2001","719.440002441406","","million cubic metres"
"25","100","Bulgaria","2000","794.719970703125","","million cubic metres"
"25","100","Bulgaria","1999","814.049987792969","","million cubic metres"
"25","100","Bulgaria","1998","834.609985351563","","million cubic metres"
"25","100","Bulgaria","1997","838.47998046875","","million cubic metres"
"25","100","Bulgaria","1996","917.679992675781","","million cubic metres"
"25","100","Bulgaria","1995","942.25","","million cubic metres"
"25","100","Bulgaria","1994","1017.10998535156","","million cubic metres"
"25","100","Bulgaria","1993","1087.32995605469","","million cubic metres"
"25","100","Bulgaria","1992","1275.13000488281","","million cubic metres"
"25","100","Bulgaria","1991","1462.2099609375","","million cubic metres"
"25","100","Bulgaria","1990","1733.9599609375","","million cubic metres"
"25","120","Cameroon","2009","14.9454002380371","7","million cubic metres"
"25","120","Cameroon","2008","9.88230037689209","7","million cubic metres"
"25","136","Cayman Islands","2015","0.00309300003573298","","million cubic metres"
"25","136","Cayman Islands","2014","0.00231839995831251","","million cubic metres"
"25","136","Cayman Islands","2013","0.00512679992243648","","million cubic metres"
"25","136","Cayman Islands","2012","0.00206559989601374","","million cubic metres"
"25","136","Cayman Islands","2011","0.00469279987737536","","million cubic metres"
"25","136","Cayman Islands","2010","0.00435170019045472","","million cubic metres"
"25","136","Cayman Islands","2009","0.0108174001798034","","million cubic metres"
"25","136","Cayman Islands","2008","0.0263558998703957","","million cubic metres"
"25","136","Cayman Islands","2007","0.0185231007635593","","million cubic metres"
"25","136","Cayman Islands","2006","0.0257505569607019","","million cubic metres"
"25","136","Cayman Islands","2005","0.0257958471775055","","million cubic metres"
"25","136","Cayman Islands","2004","0.0295414607971907","","million cubic metres"
"25","140","Central African Republic","2009","9","","million cubic metres"
"25","156","China","2015","106920","","million cubic metres"
"25","156","China","2014","111690","","million cubic metres"
"25","156","China","2013","112620","","million cubic metres"
"25","156","China","2012","113380","","million cubic metres"
"25","156","China","2011","110010","","million cubic metres"
"25","156","China","2010","110730","","million cubic metres"
"25","156","China","2009","109452","","million cubic metres"
"25","156","China","2008","108480","","million cubic metres"
"25","156","China","2007","106910","","million cubic metres"
"25","156","China","2006","106550","","million cubic metres"
"25","156","China","2005","103880","","million cubic metres"
"25","156","China","2004","102640","","million cubic metres"
"25","156","China","2003","101810","","million cubic metres"
"25","156","China","2002","107240","","million cubic metres"
"25","156","China","2001","109490","","million cubic metres"
"25","156","China","2000","106920","","million cubic metres"
"25","156","China","1999","107208","","million cubic metres"
"25","344","China, Hong Kong Special Administrative Region","2015","0","","million cubic metres"
"25","344","China, Hong Kong Special Administrative Region","2014","0","","million cubic metres"
"25","344","China, Hong Kong Special Administrative Region","2013","0","","million cubic metres"
"25","344","China, Hong Kong Special Administrative Region","2012","0","","million cubic metres"
"25","344","China, Hong Kong Special Administrative Region","2011","0","","million cubic metres"
"25","344","China, Hong Kong Special Administrative Region","2010","0","","million cubic metres"
"25","344","China, Hong Kong Special Administrative Region","2009","0","","million cubic metres"
"25","344","China, Hong Kong Special Administrative Region","2008","0","","million cubic metres"
"25","344","China, Hong Kong Special Administrative Region","2007","0","","million cubic metres"
"25","344","China, Hong Kong Special Administrative Region","2006","0","","million cubic metres"
"25","344","China, Hong Kong Special Administrative Region","2005","0","","million cubic metres"
"25","344","China, Hong Kong Special Administrative Region","2004","0","","million cubic metres"
"25","344","China, Hong Kong Special Administrative Region","2003","0","","million cubic metres"
"25","344","China, Hong Kong Special Administrative Region","2002","0","","million cubic metres"
"25","344","China, Hong Kong Special Administrative Region","2001","0","","million cubic metres"
"25","344","China, Hong Kong Special Administrative Region","2000","0","","million cubic metres"
"25","344","China, Hong Kong Special Administrative Region","1999","0","","million cubic metres"
"25","344","China, Hong Kong Special Administrative Region","1998","0","","million cubic metres"
"25","344","China, Hong Kong Special Administrative Region","1997","0","","million cubic metres"
"25","344","China, Hong Kong Special Administrative Region","1996","0","","million cubic metres"
"25","344","China, Hong Kong Special Administrative Region","1995","0","","million cubic metres"
"25","344","China, Hong Kong Special Administrative Region","1990","0","","million cubic metres"
"25","170","Colombia","2014","10090.734375","","million cubic metres"
"25","170","Colombia","2013","10622.2236328125","","million cubic metres"
"25","170","Colombia","2012","10076.7119140625","","million cubic metres"
"25","170","Colombia","2011","10071.2099609375","","million cubic metres"
"25","170","Colombia","2010","9531.9296875","","million cubic metres"
"25","170","Colombia","2009","9713.8046875","","million cubic metres"
"25","170","Colombia","2008","8968.013671875","","million cubic metres"
"25","170","Colombia","2007","8453.005859375","","million cubic metres"
"25","188","Costa Rica","2015","1743.42907714844","","million cubic metres"
"25","188","Costa Rica","2014","1439.85485839844","","million cubic metres"
"25","188","Costa Rica","2013","1194.876953125","","million cubic metres"
"25","188","Costa Rica","2012","1120.7734375","","million cubic metres"
"25","188","Costa Rica","2011","965.398864746094","","million cubic metres"
"25","188","Costa Rica","2010","771.385375976563","","million cubic metres"
"25","188","Costa Rica","2009","424.472930908203","","million cubic metres"
"25","188","Costa Rica","2008","337.199462890625","","million cubic metres"
"25","188","Costa Rica","2007","240.400848388672","","million cubic metres"
"25","188","Costa Rica","2006","188.765914916992","","million cubic metres"
"25","188","Costa Rica","2005","134.531982421875","","million cubic metres"
"25","384","Côte d'Ivoire","1990","162","8","million cubic metres"
"25","191","Croatia","2015","427.5","","million cubic metres"
"25","191","Croatia","2014","408","","million cubic metres"
"25","191","Croatia","2013","444.397003173828","9","million cubic metres"
"25","191","Croatia","2012","449.795013427734","9","million cubic metres"
"25","191","Croatia","2011","470.359985351563","","million cubic metres"
"25","191","Croatia","2010","485.429992675781","","million cubic metres"
"25","191","Croatia","2009","488.690002441406","","million cubic metres"
"25","191","Croatia","2008","449.600006103516","","million cubic metres"
"25","191","Croatia","2007","464.329986572266","","million cubic metres"
"25","191","Croatia","2006","463.799987792969","","million cubic metres"
"25","192","Cuba","2015","2814","","million cubic metres"
"25","192","Cuba","2014","2928","","million cubic metres"
"25","192","Cuba","2013","2867","","million cubic metres"
"25","192","Cuba","2012","3043","","million cubic metres"
"25","192","Cuba","2011","2375","","million cubic metres"
"25","192","Cuba","2010","2749","","million cubic metres"
"25","192","Cuba","2009","2169","","million cubic metres"
"25","192","Cuba","2008","2336","","million cubic metres"
"25","192","Cuba","2007","2286","","million cubic metres"
"25","192","Cuba","2006","1836","","million cubic metres"
"25","192","Cuba","2005","1485","","million cubic metres"
"25","192","Cuba","2004","1600","","million cubic metres"
"25","196","Cyprus","2015","150","","million cubic metres"
"25","196","Cyprus","2014","135","","million cubic metres"
"25","196","Cyprus","2013","140","","million cubic metres"
"25","196","Cyprus","2012","155","","million cubic metres"
"25","196","Cyprus","2011","155","","million cubic metres"
"25","196","Cyprus","2010","140","","million cubic metres"
"25","196","Cyprus","2009","145","","million cubic metres"
"25","196","Cyprus","2008","130","","million cubic metres"
"25","196","Cyprus","2007","145","","million cubic metres"
"25","196","Cyprus","2006","140","","million cubic metres"
"25","196","Cyprus","2005","140","","million cubic metres"
"25","196","Cyprus","2004","172","","million cubic metres"
"25","196","Cyprus","2003","158","","million cubic metres"
"25","196","Cyprus","2002","145","","million cubic metres"
"25","196","Cyprus","2001","141","","million cubic metres"
"25","196","Cyprus","2000","146","","million cubic metres"
"25","196","Cyprus","1999","154.5","","million cubic metres"
"25","196","Cyprus","1998","142.899993896484","","million cubic metres"
"25","203","Czechia","2015","366.399993896484","","million cubic metres"
"25","203","Czechia","2014","361","","million cubic metres"
"25","203","Czechia","2013","371.299987792969","","million cubic metres"
"25","203","Czechia","2012","379.399993896484","","million cubic metres"
"25","203","Czechia","2011","378.200012207031","","million cubic metres"
"25","203","Czechia","2010","377.299987792969","","million cubic metres"
"25","203","Czechia","2009","375.700012207031","","million cubic metres"
"25","203","Czechia","2008","380.100006103516","","million cubic metres"
"25","203","Czechia","2007","380.600006103516","","million cubic metres"
"25","203","Czechia","2006","379.299987792969","","million cubic metres"
"25","203","Czechia","2005","384.700012207031","","million cubic metres"
"25","203","Czechia","2004","401.899993896484","","million cubic metres"
"25","203","Czechia","2003","420.700012207031","","million cubic metres"
"25","203","Czechia","2002","540.099975585938","","million cubic metres"
"25","203","Czechia","2001","528.900024414063","","million cubic metres"
"25","203","Czechia","2000","554.799987792969","","million cubic metres"
"25","203","Czechia","1999","556.799987792969","","million cubic metres"
"25","203","Czechia","1998","546.700012207031","","million cubic metres"
"25","203","Czechia","1997","586.5","","million cubic metres"
"25","203","Czechia","1996","616.700012207031","","million cubic metres"
"25","203","Czechia","1995","719.200012207031","","million cubic metres"
"25","203","Czechia","1990","836.099975585938","","million cubic metres"
"25","208","Denmark","2014","737","10","million cubic metres"
"25","208","Denmark","2013","751","10","million cubic metres"
"25","208","Denmark","2012","644","","million cubic metres"
"25","208","Denmark","2011","966.5","","million cubic metres"
"25","208","Denmark","2010","649.099975585938","","million cubic metres"
"25","208","Denmark","2009","650.200012207031","","million cubic metres"
"25","208","Denmark","2008","688.299987792969","","million cubic metres"
"25","208","Denmark","2007","567.200012207031","","million cubic metres"
"25","208","Denmark","2006","670.599975585938","","million cubic metres"
"25","208","Denmark","2005","627.599975585938","","million cubic metres"
"25","208","Denmark","2004","659.799987792969","","million cubic metres"
"25","208","Denmark","2003","632.5","","million cubic metres"
"25","208","Denmark","2002","649.5","","million cubic metres"
"25","208","Denmark","2001","692.900024414063","","million cubic metres"
"25","208","Denmark","2000","709.099975585938","","million cubic metres"
"25","208","Denmark","1999","682.5","","million cubic metres"
"25","208","Denmark","1998","733.700012207031","","million cubic metres"
"25","208","Denmark","1997","916.5","","million cubic metres"
"25","208","Denmark","1996","951","","million cubic metres"
"25","208","Denmark","1995","887","","million cubic metres"
"25","208","Denmark","1991","907","","million cubic metres"
"25","208","Denmark","1990","1261","","million cubic metres"
"25","212","Dominica","2005","0","","million cubic metres"
"25","212","Dominica","2004","0","","million cubic metres"
"25","212","Dominica","2003","0","","million cubic metres"
"25","212","Dominica","2002","0","","million cubic metres"
"25","212","Dominica","2001","0","","million cubic metres"
"25","212","Dominica","2000","0","","million cubic metres"
"25","212","Dominica","1999","0","","million cubic metres"
"25","212","Dominica","1995","0","","million cubic metres"
"25","212","Dominica","1990","0","","million cubic metres"
"25","218","Ecuador","2012","779.309997558594","","million cubic metres"
"25","818","Egypt","2015","2400","","million cubic metres"
"25","818","Egypt","2009","7500","","million cubic metres"
"25","818","Egypt","2008","7500","","million cubic metres"
"25","818","Egypt","2007","6474","","million cubic metres"
"25","818","Egypt","2006","5884","","million cubic metres"
"25","818","Egypt","2005","5884","","million cubic metres"
"25","818","Egypt","2004","5884","","million cubic metres"
"25","233","Estonia","2014","199","10","million cubic metres"
"25","233","Estonia","2013","212.800003051758","","million cubic metres"
"25","233","Estonia","2012","273.799987792969","","million cubic metres"
"25","233","Estonia","2011","299.100006103516","","million cubic metres"
"25","233","Estonia","2010","296","","million cubic metres"
"25","233","Estonia","2009","331.700012207031","","million cubic metres"
"25","233","Estonia","2008","329.600006103516","","million cubic metres"
"25","233","Estonia","2007","247.899993896484","","million cubic metres"
"25","233","Estonia","2006","236.5","","million cubic metres"
"25","233","Estonia","2005","273.700012207031","","million cubic metres"
"25","233","Estonia","2004","310.399993896484","","million cubic metres"
"25","233","Estonia","2003","267.399993896484","","million cubic metres"
"25","233","Estonia","2002","236.399993896484","","million cubic metres"
"25","233","Estonia","2001","271.799987792969","","million cubic metres"
"25","233","Estonia","2000","254.600006103516","","million cubic metres"
"25","233","Estonia","1999","299","","million cubic metres"
"25","233","Estonia","1998","316","","million cubic metres"
"25","233","Estonia","1997","322","","million cubic metres"
"25","233","Estonia","1996","257","","million cubic metres"
"25","233","Estonia","1995","350","","million cubic metres"
"25","233","Estonia","1994","343","","million cubic metres"
"25","233","Estonia","1993","352","","million cubic metres"
"25","233","Estonia","1992","409","","million cubic metres"
"25","233","Estonia","1991","464","","million cubic metres"
"25","233","Estonia","1990","495","","million cubic metres"
"25","231","Ethiopia","2001","3.70000004768372","11,12","million cubic metres"
"25","231","Ethiopia","2000","2.86999988555908","11,12","million cubic metres"
"25","231","Ethiopia","1999","2.57999992370605","11,12","million cubic metres"
"25","231","Ethiopia","1998","1.75999999046326","11,12","million cubic metres"
"25","231","Ethiopia","1997","2.1800000667572","11,12","million cubic metres"
"25","231","Ethiopia","1996","0.959999978542328","11,12","million cubic metres"
"25","231","Ethiopia","1995","1.19000005722046","11,12","million cubic metres"
"25","246","Finland","2006","264","","million cubic metres"
"25","246","Finland","2005","284.700012207031","10","million cubic metres"
"25","246","Finland","2004","284.700012207031","","million cubic metres"
"25","246","Finland","2003","284.700012207031","","million cubic metres"
"25","246","Finland","2002","284.700012207031","","million cubic metres"
"25","246","Finland","2001","284.700012207031","","million cubic metres"
"25","246","Finland","2000","284.700012207031","","million cubic metres"
"25","246","Finland","1999","284.700012207031","","million cubic metres"
"25","246","Finland","1995","256.600006103516","","million cubic metres"
"25","246","Finland","1994","286.700012207031","","million cubic metres"
"25","246","Finland","1993","239","","million cubic metres"
"25","246","Finland","1992","238","","million cubic metres"
"25","246","Finland","1991","227","","million cubic metres"
"25","246","Finland","1990","240","","million cubic metres"
"25","250","France","2012","5608.2099609375","13","million cubic metres"
"25","250","France","2011","5908.10009765625","13","million cubic metres"
"25","250","France","2010","5982.97021484375","13","million cubic metres"
"25","250","France","2009","6112.66015625","13","million cubic metres"
"25","250","France","2008","5824.10009765625","13","million cubic metres"
"25","250","France","2007","5662.18994140625","13","million cubic metres"
"25","250","France","2006","6184.39990234375","13","million cubic metres"
"25","250","France","2005","6318.5","13","million cubic metres"
"25","250","France","2004","6425.39990234375","","million cubic metres"
"25","250","France","2003","6803.89990234375","","million cubic metres"
"25","250","France","2002","6234.2998046875","","million cubic metres"
"25","250","France","2001","6283.60009765625","","million cubic metres"
"25","250","France","2000","6259.2998046875","","million cubic metres"
"25","250","France","1994","6027","","million cubic metres"
"25","250","France","1993","5971","","million cubic metres"
"25","250","France","1992","6019","","million cubic metres"
"25","250","France","1991","6156","","million cubic metres"
"25","254","French Guiana","2013","0.35725998878479","","million cubic metres"
"25","254","French Guiana","2012","0.331833988428116","","million cubic metres"
"25","268","Georgia","2015","499","","million cubic metres"
"25","268","Georgia","2014","400","","million cubic metres"
"25","268","Georgia","2013","403","","million cubic metres"
"25","268","Georgia","2012","368","","million cubic metres"
"25","268","Georgia","2011","381","","million cubic metres"
"25","268","Georgia","2010","430","","million cubic metres"
"25","268","Georgia","2009","447","","million cubic metres"
"25","268","Georgia","2008","428","","million cubic metres"
"25","268","Georgia","2007","422","","million cubic metres"
"25","268","Georgia","2006","435","","million cubic metres"
"25","268","Georgia","2005","521.700012207031","","million cubic metres"
"25","268","Georgia","2004","520","","million cubic metres"
"25","268","Georgia","2003","537","","million cubic metres"
"25","268","Georgia","2002","547","","million cubic metres"
"25","268","Georgia","2001","437","","million cubic metres"
"25","268","Georgia","2000","399","","million cubic metres"
"25","268","Georgia","1999","415","","million cubic metres"
"25","268","Georgia","1998","456","","million cubic metres"
"25","268","Georgia","1997","423.200012207031","","million cubic metres"
"25","268","Georgia","1996","480.600006103516","","million cubic metres"
"25","268","Georgia","1995","476","","million cubic metres"
"25","268","Georgia","1990","1039","","million cubic metres"
"25","276","Germany","2010","5841","","million cubic metres"
"25","276","Germany","2007","5824.7001953125","","million cubic metres"
"25","276","Germany","2004","6032.89990234375","","million cubic metres"
"25","276","Germany","2001","6203.7998046875","","million cubic metres"
"25","276","Germany","1998","6710","","million cubic metres"
"25","276","Germany","1995","7623","","million cubic metres"
"25","276","Germany","1991","7092","","million cubic metres"
"25","300","Greece","2015","5611.22998046875","","million cubic metres"
"25","300","Greece","2014","5610.490234375","","million cubic metres"
"25","300","Greece","2013","5614.35986328125","","million cubic metres"
"25","300","Greece","2012","5615.14013671875","","million cubic metres"
"25","300","Greece","2011","5615.27001953125","","million cubic metres"
"25","300","Greece","2007","3651.10009765625","","million cubic metres"
"25","300","Greece","2006","3679.30004882813","","million cubic metres"
"25","300","Greece","2005","3771.60009765625","","million cubic metres"
"25","300","Greece","2004","3733.60009765625","","million cubic metres"
"25","300","Greece","2003","3721.30004882813","","million cubic metres"
"25","300","Greece","2002","3187.80004882813","","million cubic metres"
"25","300","Greece","2001","3390","","million cubic metres"
"25","300","Greece","2000","3453.39990234375","","million cubic metres"
"25","300","Greece","1996","3118.80004882813","","million cubic metres"
"25","300","Greece","1995","3155.60009765625","","million cubic metres"
"25","300","Greece","1993","3114.60009765625","","million cubic metres"
"25","300","Greece","1992","3013.5","","million cubic metres"
"25","300","Greece","1991","2612.60009765625","","million cubic metres"
"25","300","Greece","1990","2022.5","","million cubic metres"
"25","312","Guadeloupe","2013","17.3346824645996","","million cubic metres"
"25","312","Guadeloupe","2012","17.1038360595703","","million cubic metres"
"25","312","Guadeloupe","1996","7.03999996185303","","million cubic metres"
"25","324","Guinea","2009","28.5","14","million cubic metres"
"25","324","Guinea","2008","26.7999992370605","14","million cubic metres"
"25","324","Guinea","2007","4.90000009536743","14","million cubic metres"
"25","324","Guinea","2006","4.5","14","million cubic metres"
"25","324","Guinea","2005","4.15999984741211","14","million cubic metres"
"25","328","Guyana","2012","120.150001525879","","million cubic metres"
"25","340","Honduras","2004","165","","million cubic metres"
"25","340","Honduras","2003","165","","million cubic metres"
"25","348","Hungary","2015","491.654998779297","10","million cubic metres"
"25","348","Hungary","2014","475.595001220703","10","million cubic metres"
"25","348","Hungary","2012","534.700012207031","","million cubic metres"
"25","348","Hungary","2011","535.099975585938","","million cubic metres"
"25","348","Hungary","2010","535.200012207031","","million cubic metres"
"25","348","Hungary","2009","558.200012207031","","million cubic metres"
"25","348","Hungary","2008","505.899993896484","","million cubic metres"
"25","348","Hungary","2007","520.700012207031","","million cubic metres"
"25","348","Hungary","2006","540.5","13","million cubic metres"
"25","348","Hungary","2005","566","13","million cubic metres"
"25","348","Hungary","2004","708","","million cubic metres"
"25","348","Hungary","2003","722","","million cubic metres"
"25","348","Hungary","2002","730","","million cubic metres"
"25","348","Hungary","2001","726","","million cubic metres"
"25","348","Hungary","2000","740","","million cubic metres"
"25","348","Hungary","1999","938.400024414063","","million cubic metres"
"25","348","Hungary","1998","857.700012207031","","million cubic metres"
"25","348","Hungary","1997","850.599975585938","","million cubic metres"
"25","348","Hungary","1996","876.599975585938","","million cubic metres"
"25","348","Hungary","1995","968.700012207031","","million cubic metres"
"25","348","Hungary","1994","986.900024414063","","million cubic metres"
"25","348","Hungary","1993","958","","million cubic metres"
"25","348","Hungary","1992","1118","","million cubic metres"
"25","352","Iceland","2014","2971","","million cubic metres"
"25","352","Iceland","2013","3451","","million cubic metres"
"25","352","Iceland","2012","3531","","million cubic metres"
"25","352","Iceland","2011","3475","","million cubic metres"
"25","352","Iceland","2010","3268","","million cubic metres"
"25","352","Iceland","2005","160","","million cubic metres"
"25","352","Iceland","2004","160","","million cubic metres"
"25","352","Iceland","2003","160","","million cubic metres"
"25","352","Iceland","2002","160","","million cubic metres"
"25","352","Iceland","2001","159","","million cubic metres"
"25","352","Iceland","2000","158","","million cubic metres"
"25","352","Iceland","1999","157","","million cubic metres"
"25","352","Iceland","1998","156","","million cubic metres"
"25","352","Iceland","1997","154","","million cubic metres"
"25","352","Iceland","1996","156","","million cubic metres"
"25","352","Iceland","1995","158","","million cubic metres"
"25","352","Iceland","1994","158","","million cubic metres"
"25","352","Iceland","1993","160","","million cubic metres"
"25","352","Iceland","1992","160","","million cubic metres"
"25","352","Iceland","1990","160","","million cubic metres"
"25","356","India","2011","245000","","million cubic metres"
"25","368","Iraq","2012","4000","","million cubic metres"
"25","368","Iraq","2011","4000","","million cubic metres"
"25","368","Iraq","2010","7000","","million cubic metres"
"25","368","Iraq","2009","7000","","million cubic metres"
"25","368","Iraq","2008","7000","","million cubic metres"
"25","368","Iraq","2007","4200","","million cubic metres"
"25","368","Iraq","2006","7000","","million cubic metres"
"25","372","Ireland","2009","196","","million cubic metres"
"25","372","Ireland","2007","213","","million cubic metres"
"25","372","Ireland","2005","364","","million cubic metres"
"25","372","Ireland","1994","225","","million cubic metres"
"25","376","Israel","2014","801","","million cubic metres"
"25","376","Israel","2013","651","","million cubic metres"
"25","376","Israel","2012","802","","million cubic metres"
"25","376","Israel","2011","749","","million cubic metres"
"25","376","Israel","2010","836","","million cubic metres"
"25","376","Israel","2009","834","","million cubic metres"
"25","376","Israel","2008","961","","million cubic metres"
"25","376","Israel","2007","1064","","million cubic metres"
"25","392","Japan","2012","9208","","million cubic metres"
"25","392","Japan","2011","9237","","million cubic metres"
"25","392","Japan","2010","9390","","million cubic metres"
"25","392","Japan","2009","9372","","million cubic metres"
"25","392","Japan","2008","9669","","million cubic metres"
"25","392","Japan","2007","10331","","million cubic metres"
"25","400","Jordan","2015","578.299987792969","","million cubic metres"
"25","400","Jordan","2014","595.799987792969","","million cubic metres"
"25","400","Jordan","2013","527.799987792969","","million cubic metres"
"25","400","Jordan","2012","494.819000244141","","million cubic metres"
"25","400","Jordan","2011","503.75","","million cubic metres"
"25","400","Jordan","2010","497.899993896484","","million cubic metres"
"25","400","Jordan","2009","482.299987792969","","million cubic metres"
"25","400","Jordan","2008","487.419006347656","","million cubic metres"
"25","400","Jordan","2007","493.269012451172","15","million cubic metres"
"25","400","Jordan","2006","469.630004882813","","million cubic metres"
"25","400","Jordan","2005","506","","million cubic metres"
"25","400","Jordan","2004","501","","million cubic metres"
"25","400","Jordan","2003","520","","million cubic metres"
"25","400","Jordan","2002","522","","million cubic metres"
"25","400","Jordan","2000","473.600006103516","","million cubic metres"
"25","398","Kazakhstan","2015","1056","","million cubic metres"
"25","398","Kazakhstan","2014","1052","","million cubic metres"
"25","398","Kazakhstan","2013","1075","","million cubic metres"
"25","398","Kazakhstan","2012","1133","","million cubic metres"
"25","398","Kazakhstan","2011","1137","","million cubic metres"
"25","398","Kazakhstan","2010","1186","","million cubic metres"
"25","398","Kazakhstan","2009","1229","","million cubic metres"
"25","398","Kazakhstan","2008","1290","","million cubic metres"
"25","398","Kazakhstan","2007","1217","","million cubic metres"
"25","398","Kazakhstan","2006","1173","","million cubic metres"
"25","398","Kazakhstan","2005","1152","","million cubic metres"
"25","398","Kazakhstan","2004","957","","million cubic metres"
"25","398","Kazakhstan","2003","1106","","million cubic metres"
"25","398","Kazakhstan","2002","1157","","million cubic metres"
"25","398","Kazakhstan","2001","1135","","million cubic metres"
"25","398","Kazakhstan","2000","1169","","million cubic metres"
"25","404","Kenya","1990","44","","million cubic metres"
"25","417","Kyrgyzstan","2014","225.618011474609","","million cubic metres"
"25","417","Kyrgyzstan","2013","107.937286376953","","million cubic metres"
"25","417","Kyrgyzstan","2012","224.899993896484","","million cubic metres"
"25","417","Kyrgyzstan","2011","201.300003051758","","million cubic metres"
"25","417","Kyrgyzstan","2010","324.100006103516","","million cubic metres"
"25","417","Kyrgyzstan","2009","299","","million cubic metres"
"25","417","Kyrgyzstan","2008","302","","million cubic metres"
"25","417","Kyrgyzstan","2007","334","","million cubic metres"
"25","417","Kyrgyzstan","2006","306","","million cubic metres"
"25","417","Kyrgyzstan","2005","304","","million cubic metres"
"25","417","Kyrgyzstan","2004","298","","million cubic metres"
"25","417","Kyrgyzstan","2003","336","","million cubic metres"
"25","417","Kyrgyzstan","2002","342","","million cubic metres"
"25","417","Kyrgyzstan","2001","502","","million cubic metres"
"25","417","Kyrgyzstan","2000","302","","million cubic metres"
"25","417","Kyrgyzstan","1999","429","","million cubic metres"
"25","417","Kyrgyzstan","1998","526","","million cubic metres"
"25","417","Kyrgyzstan","1997","591","","million cubic metres"
"25","417","Kyrgyzstan","1996","642","","million cubic metres"
"25","417","Kyrgyzstan","1995","694","","million cubic metres"
"25","417","Kyrgyzstan","1990","1090","","million cubic metres"
"25","428","Latvia","2013","155.399993896484","","million cubic metres"
"25","428","Latvia","2012","158","","million cubic metres"
"25","428","Latvia","2011","272.799987792969","","million cubic metres"
"25","428","Latvia","2010","170.100006103516","","million cubic metres"
"25","428","Latvia","2009","285.890014648438","","million cubic metres"
"25","428","Latvia","2008","131.160003662109","","million cubic metres"
"25","428","Latvia","2007","107.379997253418","","million cubic metres"
"25","428","Latvia","2006","102.300003051758","","million cubic metres"
"25","428","Latvia","2005","101.5","","million cubic metres"
"25","428","Latvia","2004","103.900001525879","","million cubic metres"
"25","428","Latvia","2003","108.900001525879","","million cubic metres"
"25","428","Latvia","2002","114.599998474121","","million cubic metres"
"25","428","Latvia","2001","116.400001525879","","million cubic metres"
"25","428","Latvia","2000","118.5","","million cubic metres"
"25","428","Latvia","1999","133.399993896484","","million cubic metres"
"25","428","Latvia","1998","154.699996948242","","million cubic metres"
"25","428","Latvia","1997","167","","million cubic metres"
"25","428","Latvia","1996","180.899993896484","","million cubic metres"
"25","428","Latvia","1995","195.199996948242","","million cubic metres"
"25","428","Latvia","1994","216","","million cubic metres"
"25","428","Latvia","1993","231","","million cubic metres"
"25","428","Latvia","1992","284.899993896484","","million cubic metres"
"25","428","Latvia","1991","303","","million cubic metres"
"25","440","Lithuania","2015","156.940002441406","","million cubic metres"
"25","440","Lithuania","2014","158.876007080078","","million cubic metres"
"25","440","Lithuania","2012","132.257995605469","","million cubic metres"
"25","440","Lithuania","2011","174.600006103516","","million cubic metres"
"25","440","Lithuania","2010","178.800003051758","","million cubic metres"
"25","440","Lithuania","2009","160.899993896484","","million cubic metres"
"25","440","Lithuania","2008","170.600006103516","","million cubic metres"
"25","440","Lithuania","2007","175.399993896484","","million cubic metres"
"25","440","Lithuania","2006","180.399993896484","","million cubic metres"
"25","440","Lithuania","2005","157.399993896484","13","million cubic metres"
"25","440","Lithuania","2004","157.399993896484","","million cubic metres"
"25","440","Lithuania","2003","168.399993896484","","million cubic metres"
"25","440","Lithuania","2002","157.5","","million cubic metres"
"25","440","Lithuania","2001","157","","million cubic metres"
"25","440","Lithuania","2000","166","","million cubic metres"
"25","440","Lithuania","1999","183","","million cubic metres"
"25","440","Lithuania","1998","202","","million cubic metres"
"25","440","Lithuania","1997","234","","million cubic metres"
"25","440","Lithuania","1996","289","","million cubic metres"
"25","440","Lithuania","1995","304","","million cubic metres"
"25","440","Lithuania","1994","364.5","","million cubic metres"
"25","440","Lithuania","1993","415.899993896484","","million cubic metres"
"25","440","Lithuania","1990","498","","million cubic metres"
"25","442","Luxembourg","2015","25.7999992370605","","million cubic metres"
"25","442","Luxembourg","2014","26.6690006256104","","million cubic metres"
"25","442","Luxembourg","2013","25.1299991607666","","million cubic metres"
"25","442","Luxembourg","2012","20.8999996185303","","million cubic metres"
"25","442","Luxembourg","2011","22.3999996185303","","million cubic metres"
"25","442","Luxembourg","2010","23.2999992370605","","million cubic metres"
"25","442","Luxembourg","2009","27","","million cubic metres"
"25","442","Luxembourg","1999","31.6000003814697","","million cubic metres"
"25","442","Luxembourg","1995","29","","million cubic metres"
"25","450","Madagascar","2007","28.3999996185303","","million cubic metres"
"25","450","Madagascar","2000","28.3999996185303","","million cubic metres"
"25","458","Malaysia","2015","92.8695755004883","","million cubic metres"
"25","458","Malaysia","2014","89.2017211914063","","million cubic metres"
"25","458","Malaysia","2013","79.7674942016602","","million cubic metres"
"25","458","Malaysia","2012","82.4886245727539","","million cubic metres"
"25","458","Malaysia","2011","81.3679962158203","","million cubic metres"
"25","458","Malaysia","2010","74.3398971557617","","million cubic metres"
"25","458","Malaysia","2009","75.2353744506836","","million cubic metres"
"25","458","Malaysia","2008","71.241584777832","","million cubic metres"
"25","458","Malaysia","2007","67.6677017211914","","million cubic metres"
"25","466","Mali","2015","18.4550342559814","","million cubic metres"
"25","466","Mali","2014","17.3773021697998","","million cubic metres"
"25","466","Mali","2013","15.6023817062378","","million cubic metres"
"25","466","Mali","2012","14.2492332458496","","million cubic metres"
"25","466","Mali","2011","13.4374265670776","","million cubic metres"
"25","466","Mali","2010","13.8088159561157","","million cubic metres"
"25","470","Malta","2015","42.6800003051758","","million cubic metres"
"25","470","Malta","2014","43.810001373291","","million cubic metres"
"25","470","Malta","2013","45.310001373291","","million cubic metres"
"25","470","Malta","2012","39.8499984741211","","million cubic metres"
"25","470","Malta","2011","38.1100006103516","","million cubic metres"
"25","470","Malta","2010","40.939998626709","","million cubic metres"
"25","470","Malta","2009","31.7199993133545","","million cubic metres"
"25","470","Malta","2008","35.8300018310547","","million cubic metres"
"25","470","Malta","2007","36.7599983215332","","million cubic metres"
"25","470","Malta","2006","32.5099983215332","","million cubic metres"
"25","470","Malta","2005","32.4000015258789","","million cubic metres"
"25","470","Malta","2004","31.5","","million cubic metres"
"25","470","Malta","2003","31.7999992370605","","million cubic metres"
"25","470","Malta","2002","35.2000007629395","","million cubic metres"
"25","470","Malta","2001","36.2999992370605","","million cubic metres"
"25","470","Malta","1999","18.7999992370605","","million cubic metres"
"25","470","Malta","1998","18.2999992370605","","million cubic metres"
"25","470","Malta","1997","20.3999996185303","","million cubic metres"
"25","470","Malta","1996","21.5","","million cubic metres"
"25","470","Malta","1995","39","","million cubic metres"
"25","474","Martinique","2013","3.0420548915863","","million cubic metres"
"25","474","Martinique","2012","3.31071996688843","","million cubic metres"
"25","474","Martinique","2011","3.67073154449463","","million cubic metres"
"25","474","Martinique","2010","4.77519989013672","","million cubic metres"
"25","474","Martinique","2009","1.65330004692078","","million cubic metres"
"25","474","Martinique","2006","3.84179615974426","","million cubic metres"
"25","474","Martinique","2005","3.50888991355896","","million cubic metres"
"25","474","Martinique","1997","0.920000016689301","","million cubic metres"
"25","480","Mauritius","2015","145","","million cubic metres"
"25","480","Mauritius","2014","131","","million cubic metres"
"25","480","Mauritius","2013","121","","million cubic metres"
"25","480","Mauritius","2012","122","","million cubic metres"
"25","480","Mauritius","2011","122","","million cubic metres"
"25","480","Mauritius","2010","124","","million cubic metres"
"25","480","Mauritius","2009","121","","million cubic metres"
"25","480","Mauritius","2008","119","","million cubic metres"
"25","480","Mauritius","2007","112","","million cubic metres"
"25","480","Mauritius","2006","154","","million cubic metres"
"25","480","Mauritius","2005","150","","million cubic metres"
"25","480","Mauritius","2004","150","","million cubic metres"
"25","480","Mauritius","2003","148","","million cubic metres"
"25","480","Mauritius","2002","148","","million cubic metres"
"25","480","Mauritius","2001","145","","million cubic metres"
"25","480","Mauritius","2000","145","","million cubic metres"
"25","480","Mauritius","1999","111","","million cubic metres"
"25","480","Mauritius","1998","131","","million cubic metres"
"25","480","Mauritius","1997","114","","million cubic metres"
"25","480","Mauritius","1996","115","","million cubic metres"
"25","480","Mauritius","1995","125","","million cubic metres"
"25","480","Mauritius","1990","98","","million cubic metres"
"25","484","Mexico","2014","32906.109375","","million cubic metres"
"25","484","Mexico","2013","30374.24609375","","million cubic metres"
"25","484","Mexico","2012","31783.146484375","","million cubic metres"
"25","484","Mexico","2011","30613.78515625","","million cubic metres"
"25","484","Mexico","2010","30204.8203125","","million cubic metres"
"25","484","Mexico","2009","30107.236328125","","million cubic metres"
"25","484","Mexico","2008","29528.7890625","10","million cubic metres"
"25","484","Mexico","2007","28936.5625","","million cubic metres"
"25","492","Monaco","2015","1.97599995136261","","million cubic metres"
"25","492","Monaco","2014","2.56200003623962","","million cubic metres"
"25","492","Monaco","2013","2.59699988365173","","million cubic metres"
"25","492","Monaco","2012","1.58000004291534","","million cubic metres"
"25","492","Monaco","2011","2.27999997138977","","million cubic metres"
"25","492","Monaco","2010","2.58999991416931","","million cubic metres"
"25","492","Monaco","2009","2.49000000953674","","million cubic metres"
"25","492","Monaco","2008","1.61000001430511","","million cubic metres"
"25","492","Monaco","2007","1.07000005245209","","million cubic metres"
"25","492","Monaco","2006","1.54999995231628","","million cubic metres"
"25","492","Monaco","2005","1.33340394496918","","million cubic metres"
"25","492","Monaco","2004","1.66537296772003","","million cubic metres"
"25","492","Monaco","2003","1.77937197685242","","million cubic metres"
"25","492","Monaco","2002","1.83260905742645","","million cubic metres"
"25","492","Monaco","2001","2.32768511772156","","million cubic metres"
"25","492","Monaco","2000","2.01636695861816","","million cubic metres"
"25","492","Monaco","1999","1.68110501766205","","million cubic metres"
"25","492","Monaco","1998","1.78999996185303","","million cubic metres"
"25","492","Monaco","1997","1.92999994754791","","million cubic metres"
"25","492","Monaco","1996","2.46000003814697","","million cubic metres"
"25","492","Monaco","1995","1.8132129907608","","million cubic metres"
"25","492","Monaco","1990","0.860000014305115","","million cubic metres"
"25","504","Morocco","2015","5000","","million cubic metres"
"25","504","Morocco","2014","5000","","million cubic metres"
"25","504","Morocco","2010","4100","","million cubic metres"
"25","504","Morocco","2009","4100","","million cubic metres"
"25","504","Morocco","2008","4100","","million cubic metres"
"25","504","Morocco","2007","4100","","million cubic metres"
"25","504","Morocco","2006","4100","","million cubic metres"
"25","504","Morocco","2005","4100","","million cubic metres"
"25","504","Morocco","2004","4100","","million cubic metres"
"25","504","Morocco","2003","3000","","million cubic metres"
"25","504","Morocco","2002","2907","","million cubic metres"
"25","504","Morocco","2001","2870","","million cubic metres"
"25","504","Morocco","2000","3166","","million cubic metres"
"25","528","Netherlands","2012","940.299987792969","","million cubic metres"
"25","528","Netherlands","2011","983","","million cubic metres"
"25","528","Netherlands","2010","994.400024414063","","million cubic metres"
"25","528","Netherlands","2009","1016.20001220703","","million cubic metres"
"25","528","Netherlands","2008","983.900024414063","","million cubic metres"
"25","528","Netherlands","2007","995.599975585938","","million cubic metres"
"25","528","Netherlands","2006","1056","","million cubic metres"
"25","528","Netherlands","2005","1010","","million cubic metres"
"25","528","Netherlands","2004","1023","","million cubic metres"
"25","528","Netherlands","2003","1132","","million cubic metres"
"25","528","Netherlands","2001","976.5","","million cubic metres"
"25","528","Netherlands","1996","1152.90002441406","","million cubic metres"
"25","528","Netherlands","1991","1049","","million cubic metres"
"25","528","Netherlands","1990","1049","","million cubic metres"
"25","554","New Zealand","2010","1673.5","","million cubic metres"
"25","512","Oman","2000","1004","","million cubic metres"
"25","512","Oman","1995","949","","million cubic metres"
"25","512","Oman","1990","899","","million cubic metres"
"25","591","Panama","2015","35.0579223632813","16","million cubic metres"
"25","591","Panama","2014","33.2001609802246","16","million cubic metres"
"25","591","Panama","2013","32.1451950073242","16","million cubic metres"
"25","591","Panama","2012","32.5851097106934","16","million cubic metres"
"25","591","Panama","2011","66.981315612793","16","million cubic metres"
"25","591","Panama","2010","30.3099994659424","16","million cubic metres"
"25","591","Panama","2009","27.2999992370605","16","million cubic metres"
"25","591","Panama","2008","28.1100006103516","16","million cubic metres"
"25","591","Panama","2007","24.2099990844727","16","million cubic metres"
"25","591","Panama","2006","25.8400001525879","16","million cubic metres"
"25","591","Panama","2005","6.30999994277954","16","million cubic metres"
"25","591","Panama","2004","31.1100006103516","16","million cubic metres"
"25","591","Panama","2003","31.2199993133545","16","million cubic metres"
"25","591","Panama","2002","31.9200000762939","16","million cubic metres"
"25","591","Panama","2001","32.5200004577637","16","million cubic metres"
"25","591","Panama","2000","34.3199996948242","16","million cubic metres"
"25","604","Peru","2015","122.800003051758","17","million cubic metres"
"25","604","Peru","2014","124.800003051758","17","million cubic metres"
"25","604","Peru","2013","121.800003051758","17","million cubic metres"
"25","604","Peru","2012","117.800003051758","17","million cubic metres"
"25","604","Peru","2011","115.800003051758","17","million cubic metres"
"25","604","Peru","2010","118.400001525879","17","million cubic metres"
"25","604","Peru","2009","108.400001525879","17","million cubic metres"
"25","604","Peru","2008","133.399993896484","17","million cubic metres"
"25","604","Peru","2007","105.599998474121","17","million cubic metres"
"25","604","Peru","2006","139.300003051758","17","million cubic metres"
"25","604","Peru","2005","151.300003051758","17","million cubic metres"
"25","604","Peru","2004","174.5","17","million cubic metres"
"25","604","Peru","2003","127.400001525879","17","million cubic metres"
"25","604","Peru","2002","163.600006103516","17","million cubic metres"
"25","604","Peru","2001","176.600006103516","17","million cubic metres"
"25","604","Peru","2000","190.300003051758","17","million cubic metres"
"25","604","Peru","1999","217.100006103516","17","million cubic metres"
"25","604","Peru","1998","232","17","million cubic metres"
"25","604","Peru","1997","262.399993896484","17","million cubic metres"
"25","604","Peru","1996","247.300003051758","17","million cubic metres"
"25","604","Peru","1995","254.300003051758","17","million cubic metres"
"25","604","Peru","1994","235.399993896484","17","million cubic metres"
"25","604","Peru","1993","230.100006103516","17","million cubic metres"
"25","604","Peru","1992","207.300003051758","17","million cubic metres"
"25","604","Peru","1991","226.699996948242","17","million cubic metres"
"25","604","Peru","1990","214.600006103516","17","million cubic metres"
"25","608","Philippines","2015","3893.8037109375","","million cubic metres"
"25","608","Philippines","2014","3821.94213867188","","million cubic metres"
"25","608","Philippines","2013","3737.02661132813","","million cubic metres"
"25","608","Philippines","2012","3588.62231445313","","million cubic metres"
"25","608","Philippines","2011","3511.88110351563","","million cubic metres"
"25","608","Philippines","2010","3430.98413085938","","million cubic metres"
"25","608","Philippines","2009","3448.59008789063","","million cubic metres"
"25","608","Philippines","2008","3368.98413085938","","million cubic metres"
"25","608","Philippines","2007","3231.19946289063","","million cubic metres"
"25","608","Philippines","2006","3109.76831054688","","million cubic metres"
"25","608","Philippines","2005","3049.39282226563","","million cubic metres"
"25","608","Philippines","2004","2904.716796875","","million cubic metres"
"25","608","Philippines","2003","2784.95776367188","","million cubic metres"
"25","608","Philippines","2002","2717.95776367188","","million cubic metres"
"25","608","Philippines","2001","2573.87060546875","","million cubic metres"
"25","608","Philippines","2000","2488.50170898438","","million cubic metres"
"25","608","Philippines","1999","2426.65649414063","","million cubic metres"
"25","608","Philippines","1998","2320.2841796875","","million cubic metres"
"25","608","Philippines","1997","2172.03955078125","","million cubic metres"
"25","608","Philippines","1996","2057.56665039063","","million cubic metres"
"25","608","Philippines","1995","1932.58679199219","","million cubic metres"
"25","608","Philippines","1990","1313.93872070313","","million cubic metres"
"25","616","Poland","2015","2607.5","","million cubic metres"
"25","616","Poland","2014","2577.5","","million cubic metres"
"25","616","Poland","2013","2608.19995117188","","million cubic metres"
"25","616","Poland","2012","2644.5","","million cubic metres"
"25","616","Poland","2011","2732.60009765625","","million cubic metres"
"25","616","Poland","2010","2721.80004882813","","million cubic metres"
"25","616","Poland","2009","2586.19995117188","","million cubic metres"
"25","616","Poland","2008","2638.19995117188","","million cubic metres"
"25","616","Poland","2007","2670.89990234375","","million cubic metres"
"25","616","Poland","2006","2831.19995117188","","million cubic metres"
"25","616","Poland","2005","2632.5","","million cubic metres"
"25","616","Poland","2004","2503.69995117188","","million cubic metres"
"25","616","Poland","2003","2525.80004882813","","million cubic metres"
"25","616","Poland","2002","2661.5","","million cubic metres"
"25","616","Poland","2001","2699.60009765625","","million cubic metres"
"25","616","Poland","2000","2843.19995117188","","million cubic metres"
"25","616","Poland","1999","2906.39990234375","","million cubic metres"
"25","616","Poland","1998","2632.69995117188","","million cubic metres"
"25","616","Poland","1997","2870.60009765625","","million cubic metres"
"25","616","Poland","1996","2826.19995117188","","million cubic metres"
"25","616","Poland","1995","2846.19995117188","","million cubic metres"
"25","616","Poland","1994","2993.80004882813","","million cubic metres"
"25","616","Poland","1993","2895","","million cubic metres"
"25","616","Poland","1992","3034.69995117188","","million cubic metres"
"25","616","Poland","1991","2959","","million cubic metres"
"25","616","Poland","1990","3236.69995117188","","million cubic metres"
"25","620","Portugal","2007","4794","10","million cubic metres"
"25","620","Portugal","1998","6290","","million cubic metres"
"25","620","Portugal","1990","3065","","million cubic metres"
"25","634","Qatar","2012","250.210006713867","18","million cubic metres"
"25","634","Qatar","2011","249.529998779297","18","million cubic metres"
"25","634","Qatar","2010","248.220001220703","18","million cubic metres"
"25","634","Qatar","2009","247.055023193359","18","million cubic metres"
"25","634","Qatar","2008","248.671600341797","18","million cubic metres"
"25","634","Qatar","2007","246.666076660156","18","million cubic metres"
"25","634","Qatar","2006","246.673309326172","18","million cubic metres"
"25","634","Qatar","2005","247.564956665039","18","million cubic metres"
"25","634","Qatar","2004","220.296432495117","18","million cubic metres"
"25","634","Qatar","2003","217.539916992188","18","million cubic metres"
"25","634","Qatar","2002","231.770416259766","18","million cubic metres"
"25","634","Qatar","2001","236.498123168945","18","million cubic metres"
"25","410","Republic of Korea","2015","4094","","million cubic metres"
"25","410","Republic of Korea","2014","4085","","million cubic metres"
"25","410","Republic of Korea","2013","4071","","million cubic metres"
"25","410","Republic of Korea","2012","3990","","million cubic metres"
"25","410","Republic of Korea","2011","3907","","million cubic metres"
"25","410","Republic of Korea","2010","3807","","million cubic metres"
"25","410","Republic of Korea","2009","3807","","million cubic metres"
"25","410","Republic of Korea","2008","3784","","million cubic metres"
"25","410","Republic of Korea","2007","3725","","million cubic metres"
"25","498","Republic of Moldova","2015","128","","million cubic metres"
"25","498","Republic of Moldova","2014","127","","million cubic metres"
"25","498","Republic of Moldova","2013","128","","million cubic metres"
"25","498","Republic of Moldova","2012","129","","million cubic metres"
"25","498","Republic of Moldova","2011","130","","million cubic metres"
"25","498","Republic of Moldova","2010","130","","million cubic metres"
"25","498","Republic of Moldova","2009","129","","million cubic metres"
"25","498","Republic of Moldova","2008","127","","million cubic metres"
"25","498","Republic of Moldova","2007","129","","million cubic metres"
"25","498","Republic of Moldova","2006","136","","million cubic metres"
"25","498","Republic of Moldova","2005","136","","million cubic metres"
"25","498","Republic of Moldova","2004","135","","million cubic metres"
"25","498","Republic of Moldova","2003","135","","million cubic metres"
"25","498","Republic of Moldova","2002","132","","million cubic metres"
"25","498","Republic of Moldova","2001","138","","million cubic metres"
"25","498","Republic of Moldova","2000","168","","million cubic metres"
"25","498","Republic of Moldova","1999","169","","million cubic metres"
"25","498","Republic of Moldova","1998","191","","million cubic metres"
"25","498","Republic of Moldova","1997","193","","million cubic metres"
"25","498","Republic of Moldova","1996","226","","million cubic metres"
"25","498","Republic of Moldova","1995","244","","million cubic metres"
"25","498","Republic of Moldova","1990","311","","million cubic metres"
"25","638","Réunion","2015","73.8960266113281","","million cubic metres"
"25","638","Réunion","2014","76.2474975585938","","million cubic metres"
"25","638","Réunion","2013","109.18017578125","19","million cubic metres"
"25","638","Réunion","2012","117.769157409668","19","million cubic metres"
"25","642","Romania","2015","590","","million cubic metres"
"25","642","Romania","2014","554","","million cubic metres"
"25","642","Romania","2013","581","","million cubic metres"
"25","642","Romania","2012","598","","million cubic metres"
"25","642","Romania","2011","600","","million cubic metres"
"25","642","Romania","2010","624","","million cubic metres"
"25","642","Romania","2009","628","","million cubic metres"
"25","642","Romania","2008","659","","million cubic metres"
"25","642","Romania","2007","644","","million cubic metres"
"25","642","Romania","2006","650","","million cubic metres"
"25","642","Romania","2005","724","","million cubic metres"
"25","642","Romania","2004","760","","million cubic metres"
"25","642","Romania","2003","811","","million cubic metres"
"25","642","Romania","2002","860","","million cubic metres"
"25","642","Romania","2001","990","","million cubic metres"
"25","642","Romania","2000","1107","","million cubic metres"
"25","642","Romania","1999","1134","","million cubic metres"
"25","642","Romania","1998","1208","","million cubic metres"
"25","642","Romania","1997","1260","","million cubic metres"
"25","642","Romania","1996","1300","","million cubic metres"
"25","642","Romania","1995","1280","","million cubic metres"
"25","642","Romania","1994","1230","","million cubic metres"
"25","642","Romania","1993","1350","","million cubic metres"
"25","642","Romania","1992","1510","","million cubic metres"
"25","642","Romania","1991","1948","","million cubic metres"
"25","642","Romania","1990","2840","","million cubic metres"
"25","643","Russian Federation","2013","8907","","million cubic metres"
"25","643","Russian Federation","2012","9126","","million cubic metres"
"25","643","Russian Federation","2011","9156","","million cubic metres"
"25","643","Russian Federation","2010","9364","","million cubic metres"
"25","643","Russian Federation","2009","9771","","million cubic metres"
"25","643","Russian Federation","2008","10090","","million cubic metres"
"25","643","Russian Federation","2007","10223","","million cubic metres"
"25","643","Russian Federation","2006","10286","","million cubic metres"
"25","643","Russian Federation","2005","10603","","million cubic metres"
"25","643","Russian Federation","2004","10821","","million cubic metres"
"25","643","Russian Federation","2003","11013","","million cubic metres"
"25","643","Russian Federation","2002","11285","","million cubic metres"
"25","643","Russian Federation","2001","11569","","million cubic metres"
"25","643","Russian Federation","2000","11662","","million cubic metres"
"25","643","Russian Federation","1999","11624","","million cubic metres"
"25","643","Russian Federation","1998","11937","","million cubic metres"
"25","643","Russian Federation","1997","12425","","million cubic metres"
"25","643","Russian Federation","1996","12926","","million cubic metres"
"25","643","Russian Federation","1995","13636","","million cubic metres"
"25","643","Russian Federation","1990","14638","","million cubic metres"
"25","659","Saint Kitts and Nevis","2012","3.48399996757507","","million cubic metres"
"25","659","Saint Kitts and Nevis","2011","3.70900011062622","","million cubic metres"
"25","659","Saint Kitts and Nevis","2010","3.08200001716614","","million cubic metres"
"25","659","Saint Kitts and Nevis","2009","2.15199995040894","","million cubic metres"
"25","659","Saint Kitts and Nevis","2008","2.49399995803833","","million cubic metres"
"25","659","Saint Kitts and Nevis","2007","2.7960000038147","","million cubic metres"
"25","659","Saint Kitts and Nevis","2006","3.08699989318848","","million cubic metres"
"25","659","Saint Kitts and Nevis","2005","2.98499989509583","","million cubic metres"
"25","659","Saint Kitts and Nevis","2004","2.02800011634827","","million cubic metres"
"25","659","Saint Kitts and Nevis","2003","1.54999995231628","","million cubic metres"
"25","659","Saint Kitts and Nevis","2002","1.68599998950958","","million cubic metres"
"25","659","Saint Kitts and Nevis","2001","1.72699999809265","","million cubic metres"
"25","682","Saudi Arabia","2016","21595","","million cubic metres"
"25","682","Saudi Arabia","2015","22647.630859375","","million cubic metres"
"25","682","Saudi Arabia","2014","21351.630859375","","million cubic metres"
"25","682","Saudi Arabia","2013","20395.03515625","","million cubic metres"
"25","682","Saudi Arabia","2012","18940.234375","","million cubic metres"
"25","682","Saudi Arabia","2011","17299.279296875","","million cubic metres"
"25","682","Saudi Arabia","2010","15790.8798828125","","million cubic metres"
"25","686","Senegal","2007","9000","","million cubic metres"
"25","686","Senegal","2006","9000","","million cubic metres"
"25","686","Senegal","2005","9000","","million cubic metres"
"25","688","Serbia","2015","469","","million cubic metres"
"25","688","Serbia","2014","459","","million cubic metres"
"25","688","Serbia","2013","479","","million cubic metres"
"25","688","Serbia","2012","507","","million cubic metres"
"25","688","Serbia","2011","503","","million cubic metres"
"25","688","Serbia","2010","514","","million cubic metres"
"25","688","Serbia","2009","519","","million cubic metres"
"25","688","Serbia","2008","522","","million cubic metres"
"25","688","Serbia","2007","532","","million cubic metres"
"25","688","Serbia","2006","543","","million cubic metres"
"25","688","Serbia","2005","554","","million cubic metres"
"25","688","Serbia","2004","550","","million cubic metres"
"25","688","Serbia","2003","534","","million cubic metres"
"25","688","Serbia","2002","548","","million cubic metres"
"25","688","Serbia","2001","547","","million cubic metres"
"25","688","Serbia","2000","548","","million cubic metres"
"25","703","Slovakia","2015","325.799987792969","","million cubic metres"
"25","703","Slovakia","2014","321.299987792969","","million cubic metres"
"25","703","Slovakia","2013","329.200012207031","","million cubic metres"
"25","703","Slovakia","2012","338.899993896484","","million cubic metres"
"25","703","Slovakia","2011","334.399993896484","","million cubic metres"
"25","703","Slovakia","2010","341.200012207031","","million cubic metres"
"25","703","Slovakia","2009","348.299987792969","","million cubic metres"
"25","703","Slovakia","2008","350.700012207031","","million cubic metres"
"25","703","Slovakia","2007","358.399993896484","","million cubic metres"
"25","703","Slovakia","2006","367.899993896484","","million cubic metres"
"25","703","Slovakia","2005","374.299987792969","","million cubic metres"
"25","703","Slovakia","2004","385.799987792969","","million cubic metres"
"25","703","Slovakia","2003","419.600006103516","","million cubic metres"
"25","703","Slovakia","2002","410.399993896484","","million cubic metres"
"25","703","Slovakia","2001","422.5","","million cubic metres"
"25","703","Slovakia","2000","448.399993896484","","million cubic metres"
"25","703","Slovakia","1999","465","","million cubic metres"
"25","703","Slovakia","1998","493","","million cubic metres"
"25","703","Slovakia","1997","498","","million cubic metres"
"25","703","Slovakia","1996","541","","million cubic metres"
"25","703","Slovakia","1995","578","","million cubic metres"
"25","703","Slovakia","1994","605","","million cubic metres"
"25","703","Slovakia","1993","639","","million cubic metres"
"25","703","Slovakia","1992","686","","million cubic metres"
"25","703","Slovakia","1991","676","","million cubic metres"
"25","703","Slovakia","1990","728","","million cubic metres"
"25","705","Slovenia","2015","181.600006103516","","million cubic metres"
"25","705","Slovenia","2014","181.800003051758","","million cubic metres"
"25","705","Slovenia","2013","181.070007324219","20","million cubic metres"
"25","705","Slovenia","2012","179.630004882813","","million cubic metres"
"25","705","Slovenia","2011","184.699996948242","","million cubic metres"
"25","705","Slovenia","2010","185.199996948242","","million cubic metres"
"25","705","Slovenia","2009","190.100006103516","","million cubic metres"
"25","705","Slovenia","2008","186.100006103516","","million cubic metres"
"25","705","Slovenia","2007","190.5","","million cubic metres"
"25","705","Slovenia","2006","189.5","","million cubic metres"
"25","705","Slovenia","2005","184.300003051758","","million cubic metres"
"25","705","Slovenia","2004","183.600006103516","","million cubic metres"
"25","705","Slovenia","2003","199.600006103516","","million cubic metres"
"25","705","Slovenia","2002","207.899993896484","","million cubic metres"
"25","705","Slovenia","1999","147.699996948242","","million cubic metres"
"25","705","Slovenia","1998","153.5","","million cubic metres"
"25","705","Slovenia","1997","159.100006103516","","million cubic metres"
"25","705","Slovenia","1996","162.5","","million cubic metres"
"25","705","Slovenia","1994","170.100006103516","","million cubic metres"
"25","705","Slovenia","1993","174.199996948242","","million cubic metres"
"25","705","Slovenia","1992","166.699996948242","","million cubic metres"
"25","705","Slovenia","1991","169.399993896484","","million cubic metres"
"25","710","South Africa","2000","1088","","million cubic metres"
"25","724","Spain","2014","6303.69921875","","million cubic metres"
"25","724","Spain","2012","6884","","million cubic metres"
"25","724","Spain","2011","6598","","million cubic metres"
"25","724","Spain","2010","6601","","million cubic metres"
"25","724","Spain","2009","6732","","million cubic metres"
"25","724","Spain","2008","6174","","million cubic metres"
"25","724","Spain","2007","6496","","million cubic metres"
"25","724","Spain","2006","6302.7998046875","","million cubic metres"
"25","724","Spain","2005","6387.2998046875","","million cubic metres"
"25","724","Spain","2004","6027.10009765625","","million cubic metres"
"25","724","Spain","2003","6072.5","","million cubic metres"
"25","724","Spain","2002","5897.10009765625","","million cubic metres"
"25","724","Spain","2001","5771","","million cubic metres"
"25","724","Spain","2000","5965.2998046875","","million cubic metres"
"25","724","Spain","1999","4751.2001953125","","million cubic metres"
"25","724","Spain","1998","4504.2001953125","","million cubic metres"
"25","724","Spain","1997","4249.7998046875","","million cubic metres"
"25","724","Spain","1995","5408","","million cubic metres"
"25","724","Spain","1993","5600","","million cubic metres"
"25","724","Spain","1991","5500","","million cubic metres"
"25","144","Sri Lanka","2001","7250","21","million cubic metres"
"25","275","State of Palestine","2015","291.200012207031","","million cubic metres"
"25","275","State of Palestine","2014","274.5","","million cubic metres"
"25","275","State of Palestine","2013","302.399993896484","","million cubic metres"
"25","275","State of Palestine","2012","292.600006103516","","million cubic metres"
"25","275","State of Palestine","2011","266.899993896484","","million cubic metres"
"25","275","State of Palestine","2010","270.799987792969","","million cubic metres"
"25","275","State of Palestine","2009","257.799987792969","","million cubic metres"
"25","275","State of Palestine","2008","250.899993896484","","million cubic metres"
"25","275","State of Palestine","2007","286","","million cubic metres"
"25","275","State of Palestine","2006","275.200012207031","","million cubic metres"
"25","275","State of Palestine","2005","268","","million cubic metres"
"25","275","State of Palestine","2004","249","","million cubic metres"
"25","275","State of Palestine","2002","241","","million cubic metres"
"25","275","State of Palestine","2001","207","","million cubic metres"
"25","752","Sweden","2010","348","","million cubic metres"
"25","752","Sweden","2007","346","","million cubic metres"
"25","752","Sweden","2006","346","","million cubic metres"
"25","752","Sweden","2005","346","","million cubic metres"
"25","752","Sweden","2004","628","","million cubic metres"
"25","752","Sweden","2003","628","","million cubic metres"
"25","752","Sweden","2002","628","","million cubic metres"
"25","752","Sweden","2001","628","","million cubic metres"
"25","752","Sweden","2000","635","","million cubic metres"
"25","752","Sweden","1999","654","","million cubic metres"
"25","752","Sweden","1998","654","","million cubic metres"
"25","752","Sweden","1997","654","","million cubic metres"
"25","752","Sweden","1996","661","","million cubic metres"
"25","752","Sweden","1995","661","","million cubic metres"
"25","752","Sweden","1994","642","","million cubic metres"
"25","752","Sweden","1993","639","","million cubic metres"
"25","752","Sweden","1992","627","","million cubic metres"
"25","752","Sweden","1991","615","","million cubic metres"
"25","752","Sweden","1990","608","","million cubic metres"
"25","756","Switzerland","2012","1005.29998779297","10","million cubic metres"
"25","756","Switzerland","1999","875.099975585938","","million cubic metres"
"25","756","Switzerland","1998","876.900024414063","","million cubic metres"
"25","756","Switzerland","1997","880.099975585938","","million cubic metres"
"25","756","Switzerland","1996","861.299987792969","","million cubic metres"
"25","756","Switzerland","1995","891.900024414063","","million cubic metres"
"25","756","Switzerland","1994","902","","million cubic metres"
"25","756","Switzerland","1993","842","","million cubic metres"
"25","756","Switzerland","1992","980","","million cubic metres"
"25","756","Switzerland","1991","974","","million cubic metres"
"25","756","Switzerland","1990","941","","million cubic metres"
"25","807","The former Yugoslav Republic of Macedonia","2014","1671.80004882813","22,23","million cubic metres"
"25","807","The former Yugoslav Republic of Macedonia","2013","565.5","22,23","million cubic metres"
"25","807","The former Yugoslav Republic of Macedonia","2012","212.800003051758","22,23","million cubic metres"
"25","807","The former Yugoslav Republic of Macedonia","2011","535.700012207031","22,23","million cubic metres"
"25","807","The former Yugoslav Republic of Macedonia","2010","662.299987792969","22,23","million cubic metres"
"25","807","The former Yugoslav Republic of Macedonia","2009","374.799987792969","22,23","million cubic metres"
"25","807","The former Yugoslav Republic of Macedonia","2008","149.800003051758","22,23","million cubic metres"
"25","807","The former Yugoslav Republic of Macedonia","2007","172.100006103516","22,23","million cubic metres"
"25","807","The former Yugoslav Republic of Macedonia","2006","1276.19995117188","22,23","million cubic metres"
"25","807","The former Yugoslav Republic of Macedonia","2005","329.700012207031","22,23","million cubic metres"
"25","807","The former Yugoslav Republic of Macedonia","2004","765.200012207031","22,23","million cubic metres"
"25","807","The former Yugoslav Republic of Macedonia","2003","298.299987792969","22,23","million cubic metres"
"25","807","The former Yugoslav Republic of Macedonia","2002","8.60000038146973","22,23","million cubic metres"
"25","807","The former Yugoslav Republic of Macedonia","2001","12.3000001907349","22,23","million cubic metres"
"25","807","The former Yugoslav Republic of Macedonia","2000","14.3000001907349","22,23","million cubic metres"
"25","807","The former Yugoslav Republic of Macedonia","1995","32.7000007629395","22,23","million cubic metres"
"25","807","The former Yugoslav Republic of Macedonia","1990","158.600006103516","22,23","million cubic metres"
"25","780","Trinidad and Tobago","2016","95.4000015258789","24","million cubic metres"
"25","780","Trinidad and Tobago","2015","88.5","24","million cubic metres"
"25","780","Trinidad and Tobago","2014","93","24","million cubic metres"
"25","780","Trinidad and Tobago","2013","106.099998474121","","million cubic metres"
"25","780","Trinidad and Tobago","2010","102.300003051758","","million cubic metres"
"25","780","Trinidad and Tobago","2009","98.0999984741211","","million cubic metres"
"25","780","Trinidad and Tobago","2008","109.120002746582","24","million cubic metres"
"25","780","Trinidad and Tobago","2007","105.190002441406","24","million cubic metres"
"25","780","Trinidad and Tobago","2006","102.230003356934","24","million cubic metres"
"25","780","Trinidad and Tobago","2005","95.8399963378906","24","million cubic metres"
"25","780","Trinidad and Tobago","2004","86.3899993896484","25","million cubic metres"
"25","780","Trinidad and Tobago","2003","85.129997253418","25","million cubic metres"
"25","780","Trinidad and Tobago","2002","92.6100006103516","24","million cubic metres"
"25","780","Trinidad and Tobago","2001","95.370002746582","24","million cubic metres"
"25","780","Trinidad and Tobago","2000","89.2699966430664","24","million cubic metres"
"25","780","Trinidad and Tobago","1999","85.3600006103516","24","million cubic metres"
"25","788","Tunisia","2013","2330","","million cubic metres"
"25","788","Tunisia","2012","2269","","million cubic metres"
"25","788","Tunisia","2011","2200","","million cubic metres"
"25","788","Tunisia","2010","2175","","million cubic metres"
"25","788","Tunisia","2009","2016","","million cubic metres"
"25","788","Tunisia","2008","2009","","million cubic metres"
"25","788","Tunisia","2007","1985","","million cubic metres"
"25","788","Tunisia","2006","1978","","million cubic metres"
"25","788","Tunisia","2005","1951","","million cubic metres"
"25","788","Tunisia","2004","1905","","million cubic metres"
"25","788","Tunisia","2003","1887","","million cubic metres"
"25","788","Tunisia","2002","1913","","million cubic metres"
"25","788","Tunisia","2001","1887","","million cubic metres"
"25","788","Tunisia","2000","1865","","million cubic metres"
"25","788","Tunisia","1999","1850","","million cubic metres"
"25","788","Tunisia","1995","1736","","million cubic metres"
"25","788","Tunisia","1990","1535","","million cubic metres"
"25","792","Turkey","2014","14600","","million cubic metres"
"25","792","Turkey","2013","13560","10","million cubic metres"
"25","792","Turkey","2012","13560","10","million cubic metres"
"25","792","Turkey","2011","13560","10","million cubic metres"
"25","792","Turkey","2010","13138","10","million cubic metres"
"25","792","Turkey","2009","12811","10","million cubic metres"
"25","792","Turkey","2008","12419","10","million cubic metres"
"25","792","Turkey","2007","12096","10","million cubic metres"
"25","792","Turkey","2006","11882","10","million cubic metres"
"25","792","Turkey","2005","11622","10","million cubic metres"
"25","792","Turkey","2004","11443","","million cubic metres"
"25","792","Turkey","2003","11176","","million cubic metres"
"25","792","Turkey","2002","10990","","million cubic metres"
"25","792","Turkey","2001","10670","","million cubic metres"
"25","792","Turkey","2000","10350","","million cubic metres"
"25","792","Turkey","1999","10050","","million cubic metres"
"25","792","Turkey","1998","9650","","million cubic metres"
"25","792","Turkey","1997","9330","","million cubic metres"
"25","792","Turkey","1996","8820","","million cubic metres"
"25","792","Turkey","1995","8450","","million cubic metres"
"25","792","Turkey","1990","3770","","million cubic metres"
"25","804","Ukraine","2015","1286","","million cubic metres"
"25","804","Ukraine","2014","1503","","million cubic metres"
"25","804","Ukraine","2013","1911","","million cubic metres"
"25","804","Ukraine","2012","1961","","million cubic metres"
"25","804","Ukraine","2011","1961","","million cubic metres"
"25","804","Ukraine","2010","2023","","million cubic metres"
"25","804","Ukraine","2009","2007","26","million cubic metres"
"25","804","Ukraine","2008","2175","26","million cubic metres"
"25","804","Ukraine","2007","2315","26","million cubic metres"
"25","804","Ukraine","2006","2409","26","million cubic metres"
"25","804","Ukraine","2005","2450","26","million cubic metres"
"25","804","Ukraine","2004","2509","26","million cubic metres"
"25","804","Ukraine","2003","2560","26","million cubic metres"
"25","804","Ukraine","2002","2673","26","million cubic metres"
"25","804","Ukraine","2001","2750","26","million cubic metres"
"25","804","Ukraine","2000","2987","26","million cubic metres"
"25","804","Ukraine","1999","3199","26","million cubic metres"
"25","804","Ukraine","1998","3363","26","million cubic metres"
"25","804","Ukraine","1997","3671","26","million cubic metres"
"25","804","Ukraine","1996","4042","26","million cubic metres"
"25","804","Ukraine","1995","4305","26","million cubic metres"
"25","804","Ukraine","1990","5200","26","million cubic metres"
"25","784","United Arab Emirates","2015","3084.60498046875","27","million cubic metres"
"25","784","United Arab Emirates","2014","1787","27","million cubic metres"
"25","784","United Arab Emirates","2013","1823","27","million cubic metres"
"25","784","United Arab Emirates","2012","1905","27","million cubic metres"
"25","784","United Arab Emirates","2011","2062","27","million cubic metres"
"25","784","United Arab Emirates","2010","2157","27","million cubic metres"
"25","826","United Kingdom of Great Britain and Northern Ireland","2014","2052.80004882813","","million cubic metres"
"25","826","United Kingdom of Great Britain and Northern Ireland","2012","2046","","million cubic metres"
"25","826","United Kingdom of Great Britain and Northern Ireland","2011","2158.69995117188","","million cubic metres"
"25","826","United Kingdom of Great Britain and Northern Ireland","2010","2152.30004882813","","million cubic metres"
"25","826","United Kingdom of Great Britain and Northern Ireland","2009","2162.80004882813","","million cubic metres"
"25","826","United Kingdom of Great Britain and Northern Ireland","2008","2139.19995117188","","million cubic metres"
"25","826","United Kingdom of Great Britain and Northern Ireland","2007","2197.10009765625","","million cubic metres"
"25","826","United Kingdom of Great Britain and Northern Ireland","2006","2265.69995117188","","million cubic metres"
"25","826","United Kingdom of Great Britain and Northern Ireland","2005","2335.69995117188","","million cubic metres"
"25","840","United States of America","2010","109566.8515625","","million cubic metres"
"25","860","Uzbekistan","2015","539","","million cubic metres"
"25","860","Uzbekistan","2014","476","","million cubic metres"
"25","860","Uzbekistan","2013","402","","million cubic metres"
"25","860","Uzbekistan","2012","371","","million cubic metres"
"25","860","Uzbekistan","2011","538","","million cubic metres"
"25","860","Uzbekistan","2010","500","","million cubic metres"
"25","860","Uzbekistan","2009","509","","million cubic metres"
"25","860","Uzbekistan","2008","678","","million cubic metres"
"25","860","Uzbekistan","2007","423","","million cubic metres"
"25","860","Uzbekistan","2006","481","","million cubic metres"
"25","860","Uzbekistan","2005","424","","million cubic metres"
"25","860","Uzbekistan","2004","467","","million cubic metres"
"25","860","Uzbekistan","1990","511","","million cubic metres"
"25","862","Venezuela (Bolivarian Republic of)","2009","20509.23046875","28","million cubic metres"
"25","862","Venezuela (Bolivarian Republic of)","2008","19874.42578125","28","million cubic metres"
"25","862","Venezuela (Bolivarian Republic of)","2007","18369.8515625","28","million cubic metres"
"25","862","Venezuela (Bolivarian Republic of)","2006","15275.115234375","28","million cubic metres"
"25","862","Venezuela (Bolivarian Republic of)","2005","12180.3798828125","28","million cubic metres"
"25","862","Venezuela (Bolivarian Republic of)","2004","10382.005859375","28","million cubic metres"
"25","862","Venezuela (Bolivarian Republic of)","2003","8519.4609375","28","million cubic metres"
"25","862","Venezuela (Bolivarian Republic of)","2002","5612.62939453125","28","million cubic metres"
"25","862","Venezuela (Bolivarian Republic of)","2001","6598.77880859375","28","million cubic metres"
"25","862","Venezuela (Bolivarian Republic of)","2000","7476.80859375","28","million cubic metres"
"25","887","Yemen","2015","4411","","million cubic metres"
"25","887","Yemen","2010","3805","","million cubic metres"
"25","887","Yemen","2005","3282","","million cubic metres"
"25","887","Yemen","2000","2831","","million cubic metres"
"25","887","Yemen","1995","2442","","million cubic metres"
"25","894","Zambia","1995","286.5","","million cubic metres"

"fnSeqID","Footnote"
"1","Refers to the groundwater resources abstracted from the boreholes declared in operation."
"2","Includes non-renewable groundwater resources."
"3","Summmation of data provided by Dhaka, Chittagong and Khulna Water Supply and Sewerage Authority; only three cities are considered."
"4","Summation of data provided by Chittagong and Khulna Water Supply and Sewerage Authority; only two cities are considered."
"5","Information provided by Rajshahi Water Supply and Sewerage Authority (RWASA ); only Rajshahi City is considered."
"6","Information provided by the Audit and Social Control Authority of Drinking Water and Basic Sanitation, examines all Water Supply and Sanitation Service Providers with regulatory monitoring."
"7","Freshwater abstracted by agriculture, forestry and fishing (ISIC 01-03) is not included."
"8","1991 data."
"9","Provisional."
"10","Estimate."
"11","Data refer to public supply to all economic activities."
"12","Data refer to Addis Ababa city only."
"13","Definition differs, see Eurostat metadata."
"14","Data refer to water abstracted by water supply industry."
"15","It consists of 823.3 million cubic meters abstracted from all sources and 11.68 million cubic meters abstracted from saline ground water and desalinized."
"16","The abstraction of groundwater is only accounted for the supply of drinking water."
"17","Total drinking water production for the districts of metropolitan Lima (including districts in the province of Lima and the constitutional province of Callao)."
"18","Does not include small amounts of saline groundwater which are also abstracted in Qatar and desalinated (R/O). Data source: Water Balance of Ministry of Environment and Kahramaa"
"19","Refers to abstracted volumes. Information on losses during transport is unavailable, except for the drinking water supply network (see sheet W3)."
"20","Break in time series."
"21","Data refer to estimated total ground water availability."
"22","Includes abstractions by the water supply industry (ISIC 36) and manufacturing (ISIC 10-33) and electricity (ISIC 351) industries only."
"23","Includes water 'abstracted' for hydroelectricty production."
"24","Includes water abstraction by water supply industry, agriculture, forestry and fishing, and manufacturing industries only."
"25","Includes water abstraction by water supply industry only."
"26","Excludes abstraction by households."
"27","Estimate."
"28","Groundwater abstractions were estimated at 100% of surface abstractions, according to estimates by the Ministry of the People’s Power for the Environment."
